fips,county,state,longitude,latitude,population,cases_total,imported,local,unvaccinated or unknown,unvaccinated,unknown,vaccinated,vaccination granularity,less than four,five to seventeen,adult,age unknown/pending,mmr_rate,mmr_type,date,outbreak,notes,link,unnamed: 19
1,North,Alabama,-86.8529,34.4535,123742,1,1,0,1,0,0,0,county,1,0,0,0,,,8/25/25,,a child under 5 years of age living in North Alabama has been confirmed to have measles. The unvaccinated child contracted measles while traveling out of the United States. ,https://www.alabamapublichealth.gov/blog/2025/08/nr-25.html,
2020,Anchorage,Alaska,-149.1082,61.1498,289069,3,2,1,0,2,1,0,county,0,1,1,1,,,10/16/25,,"This individual traveled to the Municipality of Anchorage on Monday, October 13, 2025, from an area of the United States that is experiencing a substantial measles outbreak.",https://www.muni.org/Departments/health/PressReleases/Pages/Measles-Case-Confirmed_10-16-2025.aspx,
2020,Anchorage,Alaska,-149.1082,61.1498,289069,2,1,1,0,2,0,0,county,0,1,1,0,,,5/22/25,, The individual is a minor who has not been vaccinated against measles.,https://www.muni.org/Departments/health/PressReleases/Pages/Measles-Case-Confirmed_5-22-2025.aspx,
2122,Kenai Peninsula,Alaska,-151.5651,60.2654,59843,1,1,0,0,1,0,0,county,0,0,1,0,0.87,0.85-0.90,1/21/25,,"Initial case: The unvaccinated adult, flight from Seattle",https://drive.google.com/file/d/13bCFrXt4olDFd-nMgk8miC2J8Gko3PBi/view,
2020,Anchorage,Alaska,-149.1082,61.1498,289069,1,1,0,0,1,0,0,county,0,0,1,0,,,1/16/25,,an unvaccinated adult who was traveling back home to Alaska from an overseas trip,https://alaska.access.preservica.com/uncategorized/IO_3bdc61d3-e4db-48c5-95f1-ae26565981e8/,
4005,Coconino,Arizona,-111.7705,35.8387,144643,1,0,1,0,0,1,0,county,0,0,0,1,,,12/30/25,,,https://www.azdhs.gov/preparedness/epidemiology-disease-control/index.php?utm_medium=email&utm_source=govdelivery#data-stats,
4013,Maricopa,Arizona,-112.4915,33.349,4491987,1,0,1,0,0,1,0,county,0,0,0,1,,,1/20/26,,,https://www.azdhs.gov/preparedness/epidemiology-disease-control/index.php?utm_medium=email&utm_source=govdelivery#data-stats,
4015,Mohave,Arizona,-113.7579,35.7041,217420,231,0,231,0,224,7,0,county,0,155,76,0,,,1/27/26,,,https://www.azdhs.gov/preparedness/epidemiology-disease-control/index.php?utm_medium=email&utm_source=govdelivery#data-stats,
4015,Mohave,Arizona,-113.7579,35.7041,217420,222,0,222,0,216,6,0,county,0,147,75,0,,,1/20/26,,,https://www.azdhs.gov/preparedness/epidemiology-disease-control/index.php?utm_medium=email&utm_source=govdelivery#data-stats,
4015,Mohave,Arizona,-113.7579,35.7041,217420,217,0,217,0,211,6,0,county,0,147,70,0,,,1/13/26,,,https://www.azdhs.gov/preparedness/epidemiology-disease-control/index.php?utm_medium=email&utm_source=govdelivery#data-stats,
4015,Mohave,Arizona,-113.7579,35.7041,217420,214,0,214,0,208,6,0,county,0,144,70,0,,,12/31/25,,,https://www.azdhs.gov/preparedness/epidemiology-disease-control/index.php?utm_medium=email&utm_source=govdelivery#data-stats,
4015,Mohave,Arizona,-113.7579,35.7041,217420,200,0,200,0,200,0,0,county,0,0,129,71,,,12/30/25,,,https://www.azdhs.gov/preparedness/epidemiology-disease-control/index.php?utm_medium=email&utm_source=govdelivery#data-stats,
4015,Mohave,Arizona,-113.7579,35.7041,217420,191,0,191,0,191,0,0,county,0,0,120,71,,,12/23/25,,,https://www.azdhs.gov/preparedness/epidemiology-disease-control/index.php?utm_medium=email&utm_source=govdelivery#data-stats,
4015,Mohave,Arizona,-113.7579,35.7041,217420,186,0,186,0,186,0,0,county,0,0,120,66,,,12/16/25,,,https://www.azdhs.gov/preparedness/epidemiology-disease-control/index.php?utm_medium=email&utm_source=govdelivery#data-stats,
4015,Mohave,Arizona,-113.7579,35.7041,217420,172,0,172,0,172,0,0,county,0,0,0,172,,,12/9/25,,,https://www.azdhs.gov/preparedness/epidemiology-disease-control/index.php?utm_medium=email&utm_source=govdelivery#data-stats,
4015,Mohave,Arizona,-113.7579,35.7041,217420,151,0,151,0,1,150,0,county,0,0,0,151,,,12/2/25,,,https://www.azdhs.gov/preparedness/epidemiology-disease-control/index.php?utm_medium=email&utm_source=govdelivery#data-stats,
4015,Mohave,Arizona,-113.7579,35.7041,217420,149,0,149,0,1,148,0,county,0,0,0,149,,,11/25/25,,,https://www.azdhs.gov/preparedness/epidemiology-disease-control/index.php?utm_medium=email&utm_source=govdelivery#data-stats,
4015,Mohave,Arizona,-113.7579,35.7041,217420,133,0,133,0,1,132,0,county,0,0,0,133,,,11/18/25,,,https://www.azdhs.gov/preparedness/epidemiology-disease-control/index.php?utm_medium=email&utm_source=govdelivery#data-stats,
4015,Mohave,Arizona,-113.7579,35.7041,217420,124,0,124,0,1,123,0,county,0,0,0,124,,,11/11/25,,,https://www.azdhs.gov/preparedness/epidemiology-disease-control/index.php?utm_medium=email&utm_source=govdelivery#data-stats,
4015,Mohave,Arizona,-113.7579,35.7041,217420,107,0,107,0,1,106,0,county,0,0,0,107,,,11/4/25,,,https://www.azdhs.gov/preparedness/epidemiology-disease-control/index.php?utm_medium=email&utm_source=govdelivery#data-stats,
4015,Mohave,Arizona,-113.7579,35.7041,217420,93,0,93,0,1,92,0,county,0,0,0,93,,,10/28/25,,,https://www.azdhs.gov/preparedness/epidemiology-disease-control/index.php?utm_medium=email&utm_source=govdelivery#data-stats,
4015,Mohave,Arizona,-113.7579,35.7041,217420,80,0,80,0,1,79,0,county,0,0,0,80,,,10/21/25,,,https://www.azdhs.gov/preparedness/epidemiology-disease-control/index.php?utm_medium=email&utm_source=govdelivery#data-stats,
4015,Mohave,Arizona,-113.7579,35.7041,217420,73,0,73,0,1,72,0,county,0,0,0,73,,,10/14/25,,,https://www.azdhs.gov/preparedness/epidemiology-disease-control/index.php?utm_medium=email&utm_source=govdelivery#data-stats,
4015,Mohave,Arizona,-113.7579,35.7041,217420,59,0,59,0,1,58,0,county,0,0,0,59,,,10/7/25,,,https://www.azdhs.gov/preparedness/epidemiology-disease-control/index.php?utm_medium=email&utm_source=govdelivery#data-stats,
4015,Mohave,Arizona,-113.7579,35.7041,217420,55,0,55,0,1,54,0,county,0,0,0,55,,,9/30/25,,,https://www.azdhs.gov/preparedness/epidemiology-disease-control/index.php?utm_medium=email&utm_source=govdelivery#data-stats,
4015,Mohave,Arizona,-113.7579,35.7041,217420,48,0,48,0,1,47,0,county,0,0,0,48,,,9/23/25,,,https://www.azdhs.gov/preparedness/epidemiology-disease-control/index.php?utm_medium=email&utm_source=govdelivery#data-stats,
4015,Mohave,Arizona,-113.7579,35.7041,217420,42,0,42,0,1,41,0,county,0,0,0,42,,,9/16/25,,,https://www.azdhs.gov/preparedness/epidemiology-disease-control/index.php?utm_medium=email&utm_source=govdelivery#data-stats,
4015,Mohave,Arizona,-113.7579,35.7041,217420,30,0,30,0,1,29,0,county,0,0,0,30,,,9/9/25,,,https://www.azdhs.gov/preparedness/epidemiology-disease-control/index.php?utm_medium=email&utm_source=govdelivery#data-stats,
4015,Mohave,Arizona,-113.7579,35.7041,217420,24,0,24,0,1,23,0,county,0,0,0,24,,,9/2/25,,,https://www.azdhs.gov/preparedness/epidemiology-disease-control/index.php?utm_medium=email&utm_source=govdelivery#data-stats,
4015,Mohave,Arizona,-113.7579,35.7041,217420,12,0,12,0,1,11,0,county,0,0,0,12,,,8/26/25,,,https://www.azdhs.gov/preparedness/epidemiology-disease-control/index.php?utm_medium=email&utm_source=govdelivery#data-stats,
4015,Mohave,Arizona,-113.7579,35.7041,217420,9,0,9,0,1,8,0,county,0,0,0,9,,,8/19/25,,,https://www.azdhs.gov/preparedness/epidemiology-disease-control/index.php?utm_medium=email&utm_source=govdelivery#data-stats,
4015,Mohave,Arizona,-113.7579,35.7041,217420,1,0,1,0,1,0,0,county,0,0,0,1,,,8/12/25,,they are an unvaccinated individual with no significant travel history.,https://www.mohave.gov/news-notices/posts/measles-case-within-mohave-county-update/,
4017,Navajo,Arizona,-110.3214,35.3996,107744,4,4,0,0,4,0,0,county,0,0,0,4,,,6/9/25,,The individuals were not immunized and have a recent history of international travel. ,https://www.navajocountyaz.gov/CivicAlerts.aspx?AID=82,
4019,Pima,Arizona,-111.7899,32.0974,1049947,2,0,2,0,0,2,0,county,0,0,0,2,,,1/20/26,,,https://www.azdhs.gov/preparedness/epidemiology-disease-control/index.php?utm_medium=email&utm_source=govdelivery#data-stats,
4019,Pima,Arizona,-111.7899,32.0974,1049947,1,0,1,0,0,1,0,county,0,0,0,1,,,12/31/25,,,https://www.azdhs.gov/preparedness/epidemiology-disease-control/index.php?utm_medium=email&utm_source=govdelivery#data-stats,
4021,Pinal,Arizona,-111.3448,32.9044,449219,3,0,3,0,0,3,0,county,0,0,0,3,,,1/27/26,,,https://www.azdhs.gov/preparedness/epidemiology-disease-control/index.php?utm_medium=email&utm_source=govdelivery#data-stats,
4021,Pinal,Arizona,-111.3448,32.9044,449219,2,0,2,0,0,2,0,county,0,0,0,2,,,1/20/26,,,https://www.azdhs.gov/preparedness/epidemiology-disease-control/index.php?utm_medium=email&utm_source=govdelivery#data-stats,
5007,Benton,Arkansas,-94.2561,36.3387,294541,1,0,1,0,0,1,0,county,0,0,0,1,,,6/16/25,,,https://healthy.arkansas.gov/programs-services/diseases-conditions/communicable-diseases/measles-rubeola/arkansas-measles-exposure-locations/#SituationUpdate,
5045,Faulkner,Arkansas,-92.332,35.147,126001,6,1,5,0,2,2,2,county,0,5,1,0,,,5/27/25,,,https://healthy.arkansas.gov/programs-services/diseases-conditions/communicable-diseases/measles-rubeola/arkansas-measles-exposure-locations/,
5045,Faulkner,Arkansas,-92.332,35.147,126001,5,1,4,0,2,1,2,county,0,4,1,0,,,5/20/25,,Date approximated,https://healthy.arkansas.gov/programs-services/diseases-conditions/communicable-diseases/measles-rubeola/arkansas-measles-exposure-locations/,
5045,Faulkner,Arkansas,-92.332,35.147,126001,4,1,3,0,2,0,2,county,0,3,1,0,,,5/9/25,,"The ADH is reporting both cases were in Faulkner County in May, one to an adult and one to a child, both of whom were exposed to others. Officials said both individuals were vaccinated, but the child only had one of the two required vaccinations.",https://healthy.arkansas.gov/programs-services/diseases-conditions/communicable-diseases/measles-rubeola/arkansas-measles-exposure-locations/,
5045,Faulkner,Arkansas,-92.332,35.147,126001,2,1,1,0,2,0,0,county,0,2,0,0,,,4/29/25,,"The individual was not fully vaccinated and resides in Faulkner County. Because the
individual has no record of travel outside the state, this case indicates the first case of community spread
of measles in Arkansas this year.",https://healthy.arkansas.gov/article/fourth-case-of-measles-in-arkansas-identified-in-2025/,
5045,Faulkner,Arkansas,-92.332,35.147,126001,1,1,0,0,1,0,0,county,0,1,0,0,,,4/10/25,,"pediatric measles case
in an unvaccinated Arkansas resident from Faulkner County",https://healthy.arkansas.gov/article/second-case-of-measles-in-arkansas-identified-in-2025/,
5125,Saline,Arkansas,-92.6766,34.6466,125724,1,1,0,0,1,0,0,county,0,1,0,0,,,4/10/25,,"pediatric measles case in an unvaccinated Arkansas resident from Saline County
unvaccinated Arkansas resident from Saline County",https://healthy.arkansas.gov/article/first-case-of-measles-in-arkansas-identified-since-2018/,
6013,Contra Costa,California,-121.9275,37.9192,1161458,1,0,1,0,0,1,0,county,0,0,0,1,,,12/24/25,,"a confirmed case of measles in the county, identified on Dec. 24, 2025. ",https://www.cchealth.org/Home/Components/News/News/979/415,
6113,Yolo,California,-121.9011,38.6866,217782,1,0,1,0,0,1,0,county,0,0,1,0,,,6/6/25,,"The affected adult, whose vaccination status is unknown, is experiencing mild illness and is recovering at home. The source of the infection is under investigation. The individual may have been exposed during recent air travel to a state without a known outbreak or may have contracted the virus locally.",https://www.yolocounty.gov/Home/Components/News/News/13957/5136,
6019,Fresno,California,-119.6493,36.7582,1012152,2,1,1,0,2,0,0,county,0,0,1,1,0.86,0.85-0.90,3/19/25,,"Second case,linked to first, unvaccinated, adult",https://www.cdph.ca.gov/Programs/CID/DCDC/Pages/Immunization/measles.aspx,https://abc30.com/post/health-officials-confirm-2nd-case-measles-fresno-county/16051705/
6019,Fresno,California,-119.6493,36.7582,1012152,1,1,0,0,1,0,0,county,0,0,0,1,0.86,0.85-0.90,3/11/25,,initial case,https://www.cdph.ca.gov/Programs/CID/DCDC/Pages/Immunization/measles.aspx,https://thebusinessjournal.com/fresno-county-announces-first-measles-case-of-2025-warn-of-madera-county-exposure/
6037,Los Angeles,California,-118.2247,34.3219,9848406,5,5,0,0,0,5,0,county,0,0,0,5,0.95,,6/12/25,,a Long Beach pediatric resident who recently returned from international travel. ,https://longbeach.gov/press-releases/long-beach-health-department-confirms-measles-case-linked-to-international-travel/,
6037,Los Angeles,California,-118.2247,34.3219,9848406,4,4,0,0,0,4,0,county,0,0,0,4,0.95,,6/6/25,,The Los Angeles County Department of Public Health is investigating one case of measles in a Los Angeles County resident who recently travelled internationally.,http://publichealth.lacounty.gov/phcommon/public/media/mediapubhpdetail.cfm?prid=5056,
6037,Los Angeles,California,-118.2247,34.3219,9848406,3,3,0,0,0,3,0,county,0,0,0,3,0.95,,5/7/25,,"Los Angeles County reported another measles case involving a resident or traveler this week, the fourth so far this year",https://www.cdph.ca.gov/Programs/CID/DCDC/Pages/Immunization/measles.aspx,https://www.latimes.com/california/story/2025-05-07/4th-measles-case-of-the-year-reported-in-la-county
6037,Los Angeles,California,-118.2247,34.3219,9848406,2,2,0,0,0,2,0,county,0,0,0,2,0.95,,4/25/25,,Los Angeles County resident who travelled recently from Texas.,https://admin.publichealth.lacounty.gov/phcommon/public/media/mediapubhpdetail.cfm?prid=5018,
6037,Los Angeles,California,-118.2247,34.3219,9848406,1,1,0,0,0,1,0,county,0,0,0,1,0.95,,3/11/25,,"first case, travelled in Korean airline and LAX",http://publichealth.lacounty.gov/phcommon/public/media/mediapubhpdetail.cfm?prid=4982,
6055,Napa,California,-122.3306,38.507,136070,1,1,0,0,1,0,0,county,0,1,0,0,,,1/21/26,,"an unvaccinated child who became ill after visiting South Carolina, where a large measles outbreak is currently reported. ",https://www.napacounty.gov/m/newsflash/Home/Detail/805,
6059,Orange,California,-117.7609,33.7031,3164063,3,3,0,0,0,3,0,county,2,0,1,0,0.91,0.90-0.95,1/28/26,,a young adult who recently travelled internationally.,https://www.ochealthinfo.com/press/measles-case-orange-county-2,
6059,Orange,California,-117.7609,33.7031,3164063,2,2,0,0,0,2,0,county,2,0,0,0,0.91,0.90-0.95,9/29/25,,The OC Health Care Agency (HCA) has confirmed a case of measles in a toddler who recently travelled domestically.,https://www.ochealthinfo.com/press/measles-case-orange-county-1,
6059,Orange,California,-117.7609,33.7031,3164063,1,1,0,0,0,1,0,county,1,0,0,0,0.91,0.90-0.95,2/25/25,,"first case, infant and international travel",https://www.ochealthinfo.com/press/measles-case-orange-county-0,
6061,Placer,California,-120.7177,39.0634,412435,1,1,0,0,0,1,0,county,0,0,0,1,,,3/31/25,,"No online link detected so far, the exact date of this case is unknown",https://www.cdph.ca.gov/Programs/CID/DCDC/Pages/Immunization/measles.aspx,
6065,Riverside,California,-115.9938,33.7436,2449909,1,1,0,0,0,1,0,county,0,0,1,0,,,4/3/25,,"nine case in the state. International travel, Coachella Valley adult tests positive for measles",https://www.cdph.ca.gov/Programs/CID/DCDC/Pages/Immunization/measles.aspx,https://www.desertsun.com/story/news/health/2025/04/03/measles-outbreak-9th-adult-in-california-tests-positive-for-measles-east-riverside-county/82797569007/
6073,San Diego,California,-116.735,33.0343,3282782,1,1,0,0,0,1,0,county,0,1,0,0,,,8/11/25,,a teenage resident who had recently traveled overseas.,https://www.sandiegocounty.gov/content/sdc/hhsa/programs/phs/community_epidemiology/dc/Measles/Measles2025.html,
6079,San Luis Obispo,California,-120.4043,35.3871,281486,1,0,1,0,0,1,0,county,0,1,0,0,,,12/17/25,,a case of measles in a local child ,https://www.slocounty.ca.gov/departments/health-agency/public-health/department-news/slo-county-public-health-department-confirms-first-case-of-measles-in-years;-advises-vigilance-and-v,
6081,San Mateo,California,-122.3291,37.4228,745100,1,1,0,0,0,1,0,county,0,0,0,1,,,3/31/25,,,https://www.cdph.ca.gov/Programs/CID/DCDC/Pages/Immunization/measles.aspx,https://www.ksbw.com/article/california-county-measles-confirm-cases/64344610
6107,Tulare,California,-118.8005,36.2202,475774,2,0,2,0,2,0,0,county,0,2,0,0,,,7/24/25,,,https://www.cdph.ca.gov/Programs/CID/DCDC/Pages/Immunization/measles.aspx,"https://abc30.com/post/tulare-county-health-officials-confirm-2-cases-measles/17275954/#:~:text=measles-,Tulare%20County%20health%20officials%20confirm%202%20cases%20of%20measles,in%20more%20than%20three%20decades.&text=The%20United%20States%20is%20having,Disease%20Control%20and%20Prevention%20said."
6107,Tulare,California,-118.8005,36.2202,475774,1,0,1,0,1,0,0,county,0,1,0,0,,,7/22/25,,,https://www.cdph.ca.gov/Programs/CID/DCDC/Pages/Immunization/measles.aspx,
6109,Tuolumne,California,-119.9548,38.0276,54873,2,2,0,0,0,2,0,county,0,1,1,0,0.88,0.85-0.90,3/19/25,,an adult and child under the age of 18 from the same household. The two recently traveled internationally.,https://www.cdph.ca.gov/Programs/CID/DCDC/Pages/Immunization/measles.aspx,https://www.kcra.com/article/tuolumne-county-two-confirmed-measles-cases/64236494
6085,Santa Clara,California,-121.6951,37.2318,1903297,1,1,0,0,0,1,0,county,0,0,1,0,,,5/25/25,,The person tested positive after returning from international travel. ,"https://publichealthproviders.santaclaracounty.gov/measles-case-confirmed-santa-clara-county-public-exposures#:~:text=A%20case%20of%20measles%20with,after%20returning%20from%20international%20travel.",
6067,Sacramento,California,-121.3443,38.4493,1584047,1,1,0,0,1,0,0,county,0,1,0,0,,,6/16/25,,has confirmed a case of measles in an unvaccinated child who recently returned from international travel.,https://www.saccounty.gov/us/en/articles/2025-articles/sacramento-county-confirms-measles-case-amid-national-surge.html#gsc.tab=0,
6,Unknown County,California,-119.347852,35.491035,39538223,4,0,4,0,0,4,0,county,0,0,0,4,,,1/6/26,,,https://www.cdph.ca.gov/Programs/CID/DCDC/Pages/Immunization/measles.aspx,
6,Unknown County,California,-119.347852,35.491035,39538223,3,0,3,0,0,3,0,county,0,0,0,3,,,12/8/25,,,https://www.cdph.ca.gov/Programs/CID/DCDC/Pages/Immunization/measles.aspx,
6,Unknown County,California,-119.347852,35.491035,39538223,2,0,2,0,0,2,0,county,0,0,0,2,,,10/13/25,,,https://www.cdph.ca.gov/Programs/CID/DCDC/Pages/Immunization/measles.aspx,
6,Unknown County,California,-119.347852,35.491035,39538223,1,0,1,0,0,1,0,county,0,0,0,1,,,6/16/25,,,https://www.cdph.ca.gov/Programs/CID/DCDC/Pages/Immunization/measles.aspx,
8001,Adams,Colorado,-104.3379,39.8736,524408,4,1,3,0,1,3,0,county,0,1,0,3,,,8/28/25,,,https://drive.google.com/file/d/1ibv87KqrS-ErklMV2XowE9WiTduXdnik/view,
8001,Adams,Colorado,-104.3379,39.8736,524408,3,1,2,0,1,2,0,county,0,1,0,2,,,8/15/25,,"Both cases are in individuals who are household contacts of a previously reported
individual with measles.",https://drive.google.com/file/d/1ibv87KqrS-ErklMV2XowE9WiTduXdnik/view,
8001,Adams,Colorado,-104.3379,39.8736,524408,1,1,0,0,1,0,0,county,0,1,0,0,,,8/13/25,,"an unvaccinated child that recently traveled internationally to
Chihuahua, Mexico, which is an area experiencing an ongoing measles
outbreak.",https://drive.google.com/file/d/1r7vmnYOmW9YioiU9Yeb4L1W6idCD8yav/view,
8013,Boulder,Colorado,-105.3577,40.0925,328317,1,1,0,0,0,0,1,county,0,0,1,0,,,6/13/25,,a fully vaccinated adult who recently traveled to Europe,https://drive.google.com/file/d/1GpEaBFyyXehdMEdTXbebgMC8ORAmUp-i/view,
8041,El Paso,Colorado,-104.5254,38.8321,736008,4,4,0,0,2,1,1,county,0,1,3,0,,,6/9/25,,"The first case involves a child under 5 from El Paso County who recently traveled with family to Ontario, Canada, where a measles outbreak is ongoing. The child was vaccinated with one dose of the measles, mumps, and rubella (MMR) vaccine.",https://cdphe.colorado.gov/press-release/colorado-public-health-officials-confirm-two-measles-cases-release-locations-for,
8041,El Paso,Colorado,-104.5254,38.8321,736008,3,3,0,0,2,1,0,county,0,0,3,0,,,6/2/25,,two unvaccinated and 1 vaccinated adult,https://cdphe.colorado.gov/press-release/colorado-public-health-officials-release-additional-locations-for-potential-measles,
8005,Arapahoe,Colorado,-104.3393,39.6498,655709,5,4,1,0,3,2,0,county,1,0,4,0,,,6/9/25,,The second case is in an unvaccinated Arapahoe County adult. The case was at Denver International Airport,https://cdphe.colorado.gov/press-release/colorado-public-health-officials-confirm-two-measles-cases-release-locations-for,
8005,Arapahoe,Colorado,-104.3393,39.6498,655709,4,3,1,0,2,2,0,county,1,0,2,0,,,6/2/25,,,https://cdphe.colorado.gov/press-release/measles-case-confirmed-in-colorado-adult-with-recent-international-travel,
8005,Arapahoe,Colorado,-104.3393,39.6498,655709,3,2,1,0,2,1,0,county,1,0,1,0,,,5/30/25,,"The vaccinated adult was a passenger on Turkish Airlines flight 201, which arrived at Denver International Airport on Tuesday, May 13.",https://cdphe.colorado.gov/press-release/measles-case-confirmed-in-colorado-adult-with-recent-international-travel,
8005,Arapahoe,Colorado,-104.3393,39.6498,655709,2,1,1,0,1,1,0,county,1,0,0,1,,,5/28/25,,The child under 5 recently traveled with family to multiple international locations with increased measles cases. The child was unvaccinated and remains hospitalized.,https://cdphe.colorado.gov/press-release/measles-case-confirmed-in-colorado-toddler-with-recent-international-travel,
8007,Archuleta,Colorado,-107.0483,37.1935,13730,1,0,1,0,0,1,0,county,0,0,1,0,,,4/9/25,,An adult with unknown vaccination,https://drive.google.com/file/d/1Xy-oTzt06A_3H6D7b8D6UzuLp2FavMpB/view,
8031,Denver,Colorado,-104.8758,39.762,713734,4,3,1,0,1,1,2,county,1,0,3,0,,,6/4/25,,"a Denver County
resident has tested positive for measles. The vaccinated adult was a passenger
on Turkish Airlines flight 201 (TK201), which arrived at Denver International
Airport (DEN) on Tuesday, May 13.",https://drive.google.com/file/d/1cSKfqr4J0q2Oqw7KQ4080QplECSWXQFO/view,
8031,Denver,Colorado,-104.8758,39.762,713734,3,2,1,0,1,1,1,county,1,0,2,0,,,4/25/25,,"Added 1 new cases on April 25th. a Denver County adult resident. The individual recently traveled to an area of Chihuahua, Mexico, which is experiencing an ongoing measles outbreak. The individual has verified vaccination records for MMR.",https://cdphe.colorado.gov/press-release/fifth-confirmed-measles-case-in-colorado-adult-with-recent-international-travel,
8031,Denver,Colorado,-104.8758,39.762,713734,2,1,1,0,1,1,0,county,1,0,1,0,,,4/23/25,,adult,https://drive.google.com/file/d/1556fx0v0uM1Uys2nbogA5up8h0JUwV5_/view,https://www.cpr.org/2025/04/23/4th-measles-case-colorado/
8031,Denver,Colorado,-104.8758,39.762,713734,1,1,0,0,1,0,0,county,1,0,0,0,,,4/7/25,,"First case, travel to Mexico, an unvaccinated Denver County infant resident under 1 year old",https://cdphe.colorado.gov/press-release/one-measles-case-confirmed-in-coloradan-with-recent-international-travel,
8077,Mesa,Colorado,-108.4664,39.0183,157316,11,0,11,0,1,10,0,county,0,0,11,0,,,10/15/25,,,https://cdphe.colorado.gov/dcphr/measles-information,
8077,Mesa,Colorado,-108.4664,39.0183,157316,7,0,7,0,1,6,0,county,0,0,7,0,,,8/30/25,,,https://cdphe.colorado.gov/dcphr/measles-information,
8077,Mesa,Colorado,-108.4664,39.0183,157316,2,0,2,0,1,1,0,county,0,0,2,0,,,8/18/25,,"The adult, whose vaccination status is unknown, may have had a common exposure with the first Mesa County case reported last week.",https://cdphe.colorado.gov/press-release/public-health-officials-release-information-on-potential-measles-exposures-1,
8077,Mesa,Colorado,-108.4664,39.0183,157316,1,0,1,0,1,0,0,county,0,0,1,0,,,8/15/25,,"The case is an unvaccinated adult
who has not traveled.",https://drive.google.com/file/d/1ibv87KqrS-ErklMV2XowE9WiTduXdnik/view,
8083,Montezuma,Colorado,-108.5966,37.3386,26204,4,0,4,0,0,4,0,county,0,0,0,4,,,12/15/25,,,https://cdphe.colorado.gov/diseases-a-to-z/measles/2025-case-information,
8083,Montezuma,Colorado,-108.5966,37.3386,26204,2,0,2,0,0,2,0,county,0,0,0,2,,,12/5/25,,,https://cdphe.colorado.gov/diseases-a-to-z/measles/2025-case-information,
8083,Montezuma,Colorado,-108.5966,37.3386,26204,1,0,1,0,0,1,0,county,0,0,0,1,,,11/13/25,,,https://cdphe.colorado.gov/diseases-a-to-z/measles/2025-case-information,
8101,Pueblo,Colorado,-104.5127,38.1735,168726,1,1,0,0,1,0,0,county,0,0,1,0,,,3/31/25,,"First case, travel to Mexico, an unvaccinated adult Pueblo, Colorado resident.",https://cdphe.colorado.gov/press-release/one-measles-case-confirmed-in-colorado-resident-with-recent-international-travel,
8005,Arapahoe,Colorado,-104.3393,39.6498,655709,1,0,1,0,0,1,0,county,0,0,0,1,,,5/13/25,,,https://cdphe.colorado.gov/dcphr/measles-information,
8123,Weld,Colorado,-104.3925,40.5548,340711,1,0,1,0,0,1,0,county,0,0,0,1,,,12/15/25,,,https://cdphe.colorado.gov/dcphr/measles-information,
9170,South Central Connecticut,Connecticut,-72.8445,41.3613,566803,1,0,1,0,1,0,0,county,0,1,0,0,,,12/11/25,,an unvaccinated Fairfield County child under the age of 10.,https://portal.ct.gov/dph/newsroom/press-releases---2025/measles-case-in-connecticut?language=en_US,
11001,Washington,District of Columbia,-77.0163,38.9047,672079,1,1,0,0,0,1,0,county,0,0,0,1,,,6/14/25,," DC Department of Health (DC Health) has been notified of a confirmed case of measles in an international traveler who recently arrived in Washington, DC. DC Health is notifying individuals who were at the following locations that they may have been exposed to the virus.",https://dchealth.dc.gov/release/health-officials-investigation-measles-case-dc,
12031,Duval,Florida,-81.6715,30.3313,1007189,5,0,5,0,0,5,0,county,2,2,0,1,,,1/21/25,,,https://www.flhealthcharts.gov/ChartsReports/rdPage.aspx?rdReport=FrequencyMerlin.Frequency,
12031,Duval,Florida,-81.6715,30.3313,1007189,1,0,1,0,0,1,0,county,0,0,0,1,,,8/16/25,,,https://www.flhealthcharts.gov/ChartsReports/rdPage.aspx?rdReport=FrequencyMerlin.Frequency,
12073,Leon,Florida,-84.2779,30.458,295335,1,1,0,0,0,1,0,county,0,0,1,0,,,6/7/25,,,https://www.flhealthcharts.gov/ChartsReports/rdPage.aspx?rdReport=FrequencyMerlin.Frequency,
12073,Leon,Florida,-84.2779,30.458,295335,2,1,1,0,0,2,0,county,0,0,1,1,,,6/28/25,,Leon second case,https://www.flhealthcharts.gov/ChartsReports/rdPage.aspx?rdReport=FrequencyMerlin.Frequency&FirstTime=True,
12011,Broward,Florida,-80.4871,26.1523,1946127,2,0,2,0,0,2,0,county,1,0,0,1,,,8/16/25,,,https://www.flhealthcharts.gov/ChartsReports/rdPage.aspx?rdReport=FrequencyMerlin.Frequency,
12011,Broward,Florida,-80.4871,26.1523,1946127,1,0,1,0,0,1,0,county,1,0,0,0,,,4/22/25,,"A child between the age of 0 (used to refer to newborns) and 4 contracted measles from outside of the U.S. in April in Broward County,",https://www.flhealthcharts.gov/ChartsReports/rdPage.aspx?rdReport=FrequencyMerlin.Frequency&FirstTime=True,
12057,Hillsborough,Florida,-82.3088,27.9292,1489634,1,0,1,0,0,1,0,county,0,0,1,0,,,1/8/26,,,https://www.flhealthcharts.gov/ChartsReports/rdPage.aspx?rdReport=FrequencyMerlin.Frequency&FirstTime=True,
12081,Manatee,Florida,-82.3153,27.4719,416020,1,1,0,0,0,1,0,county,0,0,1,0,,,1/6/26,,,https://www.flhealthcharts.gov/ChartsReports/rdPage.aspx?rdReport=FrequencyMerlin.Frequency&FirstTime=True,
12086,Miami-Dade,Florida,-80.5624,25.615,2685296,1,0,1,0,0,1,0,county,0,1,0,0,0.94,0.90-0.95,3/6/25,,measles case reported at Miami Palmetto Senior High School in Miami-Dade,https://www.flhealthcharts.gov/ChartsReports/rdPage.aspx?rdReport=FrequencyMerlin.Frequency&FirstTime=True,
12091,Okaloosa,Florida,-86.5917,30.6913,214281,1,1,0,0,0,1,0,county,0,0,1,0,,,11/11/25,,,https://www.flhealthcharts.gov/ChartsReports/rdPage.aspx?rdReport=FrequencyMerlin.Frequency&FirstTime=True,
12109,St. Johns,Florida,-81.4407,29.9016,292243,1,0,1,0,0,1,0,county,0,0,1,0,,,1/10/26,,,https://www.flhealthcharts.gov/ChartsReports/rdPage.aspx?rdReport=FrequencyMerlin.Frequency&FirstTime=True,
13,Coastal Health District,Georgia,-81.37,31.81,658023,1,1,0,0,1,0,0,county,1,0,0,0,,,1/12/26,,"a measles case in a baby too young to receive routine measles vaccination. The baby, who acquired the virus while traveling internationally, lives in the Coastal Health District.",https://dph.georgia.gov/press-releases/2026-01-12/dph-confirms-measles-case-georgia,
13121,Fulton,Georgia,-84.467,33.7902,1068507,10,2,8,0,9,1,0,county,0,0,0,10,0.91,0.90-0.95,9/23/25,,"The individuals are close contacts of the measles case that was confirmed on Sept. 11, 2025. Two of the individuals are unvaccinated, and the third has an unknown vaccination status. They are isolating at home.",https://dph.georgia.gov/press-releases/2025-09-12/dph-confirms-measles-case-fulton-county-resident,
13121,Fulton,Georgia,-84.467,33.7902,1068507,7,2,5,0,7,0,0,county,0,0,0,7,0.91,0.90-0.95,9/12/25,,an unvaccinated resident of Fulton County. There is no known international travel associated with this case. ,https://dph.georgia.gov/press-releases/2025-09-12/dph-confirms-measles-case-fulton-county-resident,
13121,Fulton,Georgia,-84.467,33.7902,1068507,6,2,4,0,6,0,0,county,0,0,0,6,0.91,0.90-0.95,6/18/25,,The unvaccinated individual is a family member of the confirmed measles case in May.,https://dph.georgia.gov/press-releases/2025-06-18/dph-confirms-sixth-measles-case-2025,
13121,Fulton,Georgia,-84.467,33.7902,1068507,5,2,3,0,5,0,0,county,0,0,0,5,0.91,0.90-0.95,6/6/25,," a secondary case of measles in an unvaccinated metro Atlanta resident. This individual is a family member of the person with measles, acquired outside the country, who was confirmed in May. ",https://dph.georgia.gov/press-releases/2025-06-06/dph-confirms-additional-measles-case,
13121,Fulton,Georgia,-84.467,33.7902,1068507,4,2,2,0,4,0,0,county,0,0,0,4,0.91,0.90-0.95,5/19/25,,a measles case in an unvaccinated Greater Atlanta resident. The individual acquired the virus while traveling internationally.,https://dph.georgia.gov/press-releases/2025-05-19/dph-confirms-fourth-measles-case-georgia-2025,
13121,Fulton,Georgia,-84.467,33.7902,1068507,3,1,2,0,3,0,0,county,0,0,0,3,0.91,0.90-0.95,3/31/25,,Unvaccinated Family Members of Previous Case,https://dph.georgia.gov/press-releases/2025-02-07/additional-measles-cases-atlanta,
13121,Fulton,Georgia,-84.467,33.7902,1068507,1,1,0,0,1,0,0,county,0,0,0,1,0.91,0.90-0.95,1/28/25,,"Unvaccinated, metro Atlanta, Unvaccinated",https://dph.georgia.gov/press-releases/2025-01-28/dph-confirms-measles-case-metro-atlan,
15003,Honolulu,Hawaii,-158.0739,21.4899,1003666,2,2,0,0,1,1,0,county,1,0,1,0,,,4/17/25,,in the household of a child previously confirmed on April 7. The adult member of the family,https://health.hawaii.gov/news/newsroom/doh-confirms-second-case-of-measles-in-hawai_i/,
15003,Honolulu,Hawaii,-158.0739,21.4899,1003666,1,1,0,0,1,0,0,county,1,0,0,0,,,4/8/25,,an unvaccinated child under 5 years of age on O_ahu,https://health.hawaii.gov/news/newsroom/measles-case-confirmed-in-child-on-o_ahu-doh-notifies-public-of-measles-exposure-locations/,
16021,Boundary,Idaho,-116.4629,48.7669,12695,6,0,6,0,6,0,0,county,1,2,1,2,,,11/7/25,,,https://public.tableau.com/app/profile/idaho.division.of.public.health/viz/TrackingIdahoMeasles/StatewideSummary?publish=yes,
16021,Boundary,Idaho,-116.4629,48.7669,12695,4,0,4,0,4,0,0,county,1,2,1,0,,,11/2/25,,,https://public.tableau.com/app/profile/idaho.division.of.public.health/viz/TrackingIdahoMeasles/StatewideSummary?publish=yes,
16021,Boundary,Idaho,-116.4629,48.7669,12695,3,0,3,0,3,0,0,county,0,1,0,0,,,11/1/25,,,https://public.tableau.com/app/profile/idaho.division.of.public.health/viz/TrackingIdahoMeasles/StatewideSummary?publish=yes,
16021,Boundary,Idaho,-116.4629,48.7669,12695,2,0,2,0,2,0,0,county,0,0,1,0,,,10/22/25,,,https://public.tableau.com/app/profile/idaho.division.of.public.health/viz/TrackingIdahoMeasles/StatewideSummary?publish=yes,
16021,Boundary,Idaho,-116.4629,48.7669,12695,1,0,1,0,1,0,0,county,1,0,0,0,,,10/20/25,,,https://public.tableau.com/app/profile/idaho.division.of.public.health/viz/TrackingIdahoMeasles/StatewideSummary?publish=yes,
16019,Bonneville,Idaho,-111.6148,43.3877,127056,5,2,3,0,5,0,0,county,0,1,0,4,,,9/13/25,,,https://healthandwelfare.idaho.gov/health-wellness/diseases-conditions/measles,
16017,Bonner,Idaho,-116.6011,48.3,49456,1,0,1,0,1,0,0,county,0,1,0,0,,,8/20/25,,This most recent case is an unvaccinated child in Bonner County. ,https://healthandwelfare.idaho.gov/news/measles-circulating-among-idaho-communities-health-officials-urge-consultation-healthcare,
16027,Canyon,Idaho,-116.7093,43.6251,242405,5,0,5,0,5,0,0,county,1,3,0,1,,,1/21/26,,,https://public.tableau.com/app/profile/idaho.division.of.public.health/viz/TrackingIdahoMeasles/StatewideSummary?publish=yes,
16027,Canyon,Idaho,-116.7093,43.6251,242405,4,0,4,0,4,0,0,county,1,2,0,1,,,1/20/26,,,https://public.tableau.com/app/profile/idaho.division.of.public.health/viz/TrackingIdahoMeasles/StatewideSummary?publish=yes,
16027,Canyon,Idaho,-116.7093,43.6251,242405,3,0,3,0,3,0,0,county,1,1,0,1,,,1/19/26,,,https://public.tableau.com/app/profile/idaho.division.of.public.health/viz/TrackingIdahoMeasles/StatewideSummary?publish=yes,
16027,Canyon,Idaho,-116.7093,43.6251,242405,2,0,2,0,2,0,0,county,1,0,0,1,,,1/17/26,,,https://public.tableau.com/app/profile/idaho.division.of.public.health/viz/TrackingIdahoMeasles/StatewideSummary?publish=yes,
16027,Canyon,Idaho,-116.7093,43.6251,242405,1,0,1,0,1,0,0,county,0,0,0,1,,,1/9/26,,,https://public.tableau.com/app/profile/idaho.division.of.public.health/viz/TrackingIdahoMeasles/StatewideSummary?publish=yes,
16055,Kootenai,Idaho,-116.7018,47.6744,177736,1,0,1,0,1,0,0,county,0,1,0,0,,,8/12/25,, the case was an unvaccinated child in Kootenai County,https://healthandwelfare.idaho.gov/news/measles-circulating-among-idaho-communities-health-officials-urge-consultation-healthcare,
16019,Bonneville,Idaho,-111.6148,43.3877,127056,2,2,0,0,2,0,0,county,0,1,0,1,,,8/7/25,, The adolescent was an international traveler who was unvaccinated against measles. Idaho has had two additional measles cases in non-resident travelers. They were in Cassia County in May and Bonneville County in August. ,https://eiph.id.gov/pressrelease/international-traveler-with-measles-reported-in-eastern-idaho/,
16065,Madison,Idaho,-111.6592,43.7841,53578,3,0,3,2,0,1,0,county,1,1,1,0,,,1/11/26,,,https://public.tableau.com/app/profile/idaho.division.of.public.health/viz/TrackingIdahoMeasles/StatewideSummary?publish=yes,
16065,Madison,Idaho,-111.6592,43.7841,53578,1,0,1,0,0,1,0,county,0,1,0,0,,,12/31/25,,,https://public.tableau.com/app/profile/idaho.division.of.public.health/viz/TrackingIdahoMeasles/StatewideSummary?publish=yes,
16,Unknown County,Idaho,-115.22461,44.220476,1839106,2,0,2,0,0,2,0,county,0,0,0,2,,,9/30/25,,,https://healthandwelfare.idaho.gov/health-wellness/diseases-conditions/measles,
17031,Cook,Illinois,-87.8168,41.8401,5185812,8,2,6,0,1,6,1,county,1,0,7,0,,,9/30/25,, The case was identified in a suburban Cook County adult whose vaccination status is unknown.  Public health officials believe the case was acquired from exposure to the last reported measles case announced on 9/16/2025.,https://cookcountypublichealth.org/2025/09/30/cook-county-confirms-another-measles-case/,
17031,Cook,Illinois,-87.8168,41.8401,5185812,7,2,5,0,1,5,1,county,1,0,6,0,,,9/16/25,,"The case was identified in a 4-year-old child, a suburban Cook County resident who is not vaccinated. Public health officials believe the case was acquired during international travel. ",https://cookcountypublichealth.org/2025/09/16/cook-county-confirms-measles-case/,
17031,Cook,Illinois,-87.8168,41.8401,5185812,6,1,5,0,0,5,1,county,0,0,6,0,,,5/2/25,,"The state claims total of 10 cases, needs update",https://dph.illinois.gov/topics-services/diseases-and-conditions/measles/case-counts.html,
17031,Cook,Illinois,-87.8168,41.8401,5185812,2,1,1,0,0,1,1,county,0,0,2,0,,,4/28/25,,"an adult who is a suburban Cook County resident, and whose vaccination status is unknown.",https://dph.illinois.gov/resource-center/news/2025/april/release-20250430.html,
17031,Cook,Illinois,-87.8168,41.8401,5185812,1,1,0,0,0,0,1,county,0,0,1,0,,,4/25/25,,an adult Chicago resident who traveled internationally through O√É∆í√Ü‚Äô√É‚Äö√Ü‚Äô√É∆í√¢‚Ç¨≈°√É‚Äö√Ü‚Äô√É∆í√Ü‚Äô√É‚Äö√¢‚Ç¨≈°√É∆í√¢‚Ç¨≈°√É‚Äö√Ü‚Äô√É∆í√Ü‚Äô√É‚Äö√Ü‚Äô√É∆í√¢‚Ç¨≈°√É‚Äö√¢‚Ç¨≈°√É∆í√Ü‚Äô√É‚Äö√¢‚Ç¨≈°√É∆í√¢‚Ç¨≈°√É‚Äö√Ü‚Äô√É∆í√Ü‚Äô√É‚Äö√Ü‚Äô√É∆í√¢‚Ç¨≈°√É‚Äö√Ü‚Äô√É∆í√Ü‚Äô√É‚Äö√¢‚Ç¨≈°√É∆í√¢‚Ç¨≈°√É‚Äö√¢‚Ç¨≈°√É∆í√Ü‚Äô√É‚Äö√Ü‚Äô√É∆í√¢‚Ç¨≈°√É‚Äö√¢‚Ç¨≈°√É∆í√Ü‚Äô√É‚Äö√¢‚Ç¨≈°√É∆í√¢‚Ç¨≈°√É‚Äö√Ü‚Äô√É∆í√Ü‚Äô√É‚Äö√Ü‚Äô√É∆í√¢‚Ç¨≈°√É‚Äö√Ü‚Äô√É∆í√Ü‚Äô√É‚Äö√¢‚Ç¨≈°√É∆í√¢‚Ç¨≈°√É‚Äö√Ü‚Äô√É∆í√Ü‚Äô√É‚Äö√Ü‚Äô√É∆í√¢‚Ç¨≈°√É‚Äö√¢‚Ç¨≈°√É∆í√Ü‚Äô√É‚Äö√¢‚Ç¨≈°√É∆í√¢‚Ç¨≈°√É‚Äö√¢‚Ç¨≈°√É∆í√Ü‚Äô√É‚Äö√Ü‚Äô√É∆í√¢‚Ç¨≈°√É‚Äö√Ü‚Äô√É∆í√Ü‚Äô√É‚Äö√¢‚Ç¨≈°√É∆í√¢‚Ç¨≈°√É‚Äö√¢‚Ç¨≈°√É∆í√Ü‚Äô√É‚Äö√Ü‚Äô√É∆í√¢‚Ç¨≈°√É‚Äö√¢‚Ç¨≈°√É∆í√Ü‚Äô√É‚Äö√¢‚Ç¨≈°√É∆í√¢‚Ç¨≈°√É‚Äö√Ü‚Äô√É∆í√Ü‚Äô√É‚Äö√Ü‚Äô√É∆í√¢‚Ç¨≈°√É‚Äö√Ü‚Äô√É∆í√Ü‚Äô√É‚Äö√¢‚Ç¨≈°√É∆í√¢‚Ç¨≈°√É‚Äö√Ü‚Äô√É∆í√Ü‚Äô√É‚Äö√Ü‚Äô√É∆í√¢‚Ç¨≈°√É‚Äö√¢‚Ç¨≈°√É∆í√Ü‚Äô√É‚Äö√¢‚Ç¨≈°√É∆í√¢‚Ç¨≈°√É‚Äö√Ü‚Äô√É∆í√Ü‚Äô√É‚Äö√Ü‚Äô√É∆í√¢‚Ç¨≈°√É‚Äö√Ü‚Äô√É∆í√Ü‚Äô√É‚Äö√¢‚Ç¨≈°√É∆í√¢‚Ç¨≈°√É‚Äö√¢‚Ç¨≈°√É∆í√Ü‚Äô√É‚Äö√Ü‚Äô√É∆í√¢‚Ç¨≈°√É‚Äö√¢‚Ç¨≈°√É∆í√Ü‚Äô√É‚Äö√¢‚Ç¨≈°√É∆í√¢‚Ç¨≈°√É‚Äö√¢‚Ç¨≈°√É∆í√Ü‚Äô√É‚Äö√Ü‚Äô√É∆í√¢‚Ç¨≈°√É‚Äö√Ü‚Äô√É∆í√Ü‚Äô√É‚Äö√¢‚Ç¨≈°√É∆í√¢‚Ç¨≈°√É‚Äö√Ü‚Äô√É∆í√Ü‚Äô√É‚Äö√Ü‚Äô√É∆í√¢‚Ç¨≈°√É‚Äö√¢‚Ç¨≈°√É∆í√Ü‚Äô√É‚Äö√¢‚Ç¨≈°√É∆í√¢‚Ç¨≈°√É‚Äö√¢‚Ç¨≈°√É∆í√Ü‚Äô√É‚Äö√Ü‚Äô√É∆í√¢‚Ç¨≈°√É‚Äö√Ü‚Äô√É∆í√Ü‚Äô√É‚Äö√¢‚Ç¨≈°√É∆í√¢‚Ç¨≈°√É‚Äö√¢‚Ç¨≈°√É∆í√Ü‚Äô√É‚Äö√Ü‚Äô√É∆í√¢‚Ç¨≈°√É‚Äö√¢‚Ç¨≈°√É∆í√Ü‚Äô√É‚Äö√¢‚Ç¨≈°√É∆í√¢‚Ç¨≈°√É‚Äö√Ü‚Äô√É∆í√Ü‚Äô√É‚Äö√Ü‚Äô√É∆í√¢‚Ç¨≈°√É‚Äö√Ü‚Äô√É∆í√Ü‚Äô√É‚Äö√¢‚Ç¨≈°√É∆í√¢‚Ç¨≈°√É‚Äö√Ü‚Äô√É∆í√Ü‚Äô√É‚Äö√Ü‚Äô√É∆í√¢‚Ç¨≈°√É‚Äö√¢‚Ç¨≈°√É∆í√Ü‚Äô√É‚Äö√¢‚Ç¨≈°√É∆í√¢‚Ç¨≈°√É‚Äö√Ü‚Äô√É∆í√Ü‚Äô√É‚Äö√Ü‚Äô√É∆í√¢‚Ç¨≈°√É‚Äö√Ü‚Äô√É∆í√Ü‚Äô√É‚Äö√¢‚Ç¨≈°√É∆í√¢‚Ç¨≈°√É‚Äö√¢‚Ç¨≈°√É∆í√Ü‚Äô√É‚Äö√Ü‚Äô√É∆í√¢‚Ç¨≈°√É‚Äö√¢‚Ç¨≈°√É∆í√Ü‚Äô√É‚Äö√¢‚Ç¨≈°√É∆í√¢‚Ç¨≈°√É‚Äö√Ü‚Äô√É∆í√Ü‚Äô√É‚Äö√Ü‚Äô√É∆í√¢‚Ç¨≈°√É‚Äö√Ü‚Äô√É∆í√Ü‚Äô√É‚Äö√¢‚Ç¨≈°√É∆í√¢‚Ç¨≈°√É‚Äö√Ü‚Äô√É∆í√Ü‚Äô√É‚Äö√Ü‚Äô√É∆í√¢‚Ç¨≈°√É‚Äö√¢‚Ç¨≈°√É∆í√Ü‚Äô√É‚Äö√¢‚Ç¨≈°√É∆í√¢‚Ç¨≈°√É‚Äö√¢‚Ç¨≈°√É∆í√Ü‚Äô√É‚Äö√Ü‚Äô√É∆í√¢‚Ç¨≈°√É‚Äö√Ü‚Äô√É∆í√Ü‚Äô√É‚Äö√¢‚Ç¨≈°√É∆í√¢‚Ç¨≈°√É‚Äö√¢‚Ç¨≈°√É∆í√Ü‚Äô√É‚Äö√Ü‚Äô√É∆í√¢‚Ç¨≈°√É‚Äö√¢‚Ç¨≈°√É∆í√Ü‚Äô√É‚Äö√¢‚Ç¨≈°√É∆í√¢‚Ç¨≈°√É‚Äö√¢‚Ç¨≈°√É∆í√Ü‚Äô√É‚Äö√Ü‚Äô√É∆í√¢‚Ç¨≈°√É‚Äö√Ü‚Äô√É∆í√Ü‚Äô√É‚Äö√¢‚Ç¨≈°√É∆í√¢‚Ç¨≈°√É‚Äö√Ü‚Äô√É∆í√Ü‚Äô√É‚Äö√Ü‚Äô√É∆í√¢‚Ç¨≈°√É‚Äö√¢‚Ç¨≈°√É∆í√Ü‚Äô√É‚Äö√¢‚Ç¨≈°√É∆í√¢‚Ç¨≈°√É‚Äö√Ü‚Äô√É∆í√Ü‚Äô√É‚Äö√Ü‚Äô√É∆í√¢‚Ç¨≈°√É‚Äö√Ü‚Äô√É∆í√Ü‚Äô√É‚Äö√¢‚Ç¨≈°√É∆í√¢‚Ç¨≈°√É‚Äö√¢‚Ç¨≈°√É∆í√Ü‚Äô√É‚Äö√Ü‚Äô√É∆í√¢‚Ç¨≈°√É‚Äö√¢‚Ç¨≈°√É∆í√Ü‚Äô√É‚Äö√¢‚Ç¨≈°√É∆í√¢‚Ç¨≈°√É‚Äö√¢‚Ç¨≈°√É∆í√Ü‚Äô√É‚Äö√Ü‚Äô√É∆í√¢‚Ç¨≈°√É‚Äö√Ü‚Äô√É∆í√Ü‚Äô√É‚Äö√¢‚Ç¨≈°√É∆í√¢‚Ç¨≈°√É‚Äö√Ü‚Äô√É∆í√Ü‚Äô√É‚Äö√Ü‚Äô√É∆í√¢‚Ç¨≈°√É‚Äö√¢‚Ç¨≈°√É∆í√Ü‚Äô√É‚Äö√¢‚Ç¨≈°√É∆í√¢‚Ç¨≈°√É‚Äö√¢‚Ç¨≈°√É∆í√Ü‚Äô√É‚Äö√Ü‚Äô√É∆í√¢‚Ç¨≈°√É‚Äö√Ü‚Äô√É∆í√Ü‚Äô√É‚Äö√¢‚Ç¨≈°√É∆í√¢‚Ç¨≈°√É‚Äö√¢‚Ç¨≈°√É∆í√Ü‚Äô√É‚Äö√Ü‚Äô√É∆í√¢‚Ç¨≈°√É‚Äö√¢‚Ç¨≈°√É∆í√Ü‚Äô√É‚Äö√¢‚Ç¨≈°√É∆í√¢‚Ç¨≈°√É‚Äö√Ü‚Äô√É∆í√Ü‚Äô√É‚Äö√Ü‚Äô√É∆í√¢‚Ç¨≈°√É‚Äö√Ü‚Äô√É∆í√Ü‚Äô√É‚Äö√¢‚Ç¨≈°√É∆í√¢‚Ç¨≈°√É‚Äö√Ü‚Äô√É∆í√Ü‚Äô√É‚Äö√Ü‚Äô√É∆í√¢‚Ç¨≈°√É‚Äö√¢‚Ç¨≈°√É∆í√Ü‚Äô√É‚Äö√¢‚Ç¨≈°√É∆í√¢‚Ç¨≈°√É‚Äö√Ü‚Äô√É∆í√Ü‚Äô√É‚Äö√Ü‚Äô√É∆í√¢‚Ç¨≈°√É‚Äö√Ü‚Äô√É∆í√Ü‚Äô√É‚Äö√¢‚Ç¨≈°√É∆í√¢‚Ç¨≈°√É‚Äö√¢‚Ç¨≈°√É∆í√Ü‚Äô√É‚Äö√Ü‚Äô√É∆í√¢‚Ç¨≈°√É‚Äö√¢‚Ç¨≈°√É∆í√Ü‚Äô√É‚Äö√¢‚Ç¨≈°√É∆í√¢‚Ç¨≈°√É‚Äö√Ü‚Äô√É∆í√Ü‚Äô√É‚Äö√Ü‚Äô√É∆í√¢‚Ç¨≈°√É‚Äö√Ü‚Äô√É∆í√Ü‚Äô√É‚Äö√¢‚Ç¨≈°√É∆í√¢‚Ç¨≈°√É‚Äö√Ü‚Äô√É∆í√Ü‚Äô√É‚Äö√Ü‚Äô√É∆í√¢‚Ç¨≈°√É‚Äö√¢‚Ç¨≈°√É∆í√Ü‚Äô√É‚Äö√¢‚Ç¨≈°√É∆í√¢‚Ç¨≈°√É‚Äö√¢‚Ç¨≈°√É∆í√Ü‚Äô√É‚Äö√Ü‚Äô√É∆í√¢‚Ç¨≈°√É‚Äö√Ü‚Äô√É∆í√Ü‚Äô√É‚Äö√¢‚Ç¨≈°√É∆í√¢‚Ç¨≈°√É‚Äö√¢‚Ç¨≈°√É∆í√Ü‚Äô√É‚Äö√Ü‚Äô√É∆í√¢‚Ç¨≈°√É‚Äö√¢‚Ç¨≈°√É∆í√Ü‚Äô√É‚Äö√¢‚Ç¨≈°√É∆í√¢‚Ç¨≈°√É‚Äö√Ü‚Äô√É∆í√Ü‚Äô√É‚Äö√Ü‚Äô√É∆í√¢‚Ç¨≈°√É‚Äö√Ü‚Äô√É∆í√Ü‚Äô√É‚Äö√¢‚Ç¨≈°√É∆í√¢‚Ç¨≈°√É‚Äö√Ü‚Äô√É∆í√Ü‚Äô√É‚Äö√Ü‚Äô√É∆í√¢‚Ç¨≈°√É‚Äö√¢‚Ç¨≈°√É∆í√Ü‚Äô√É‚Äö√¢‚Ç¨≈°√É∆í√¢‚Ç¨≈°√É‚Äö√Ü‚Äô√É∆í√Ü‚Äô√É‚Äö√Ü‚Äô√É∆í√¢‚Ç¨≈°√É‚Äö√Ü‚Äô√É∆í√Ü‚Äô√É‚Äö√¢‚Ç¨≈°√É∆í√¢‚Ç¨≈°√É‚Äö√¢‚Ç¨≈°√É∆í√Ü‚Äô√É‚Äö√Ü‚Äô√É∆í√¢‚Ç¨≈°√É‚Äö√¢‚Ç¨≈°√É∆í√Ü‚Äô√É‚Äö√¢‚Ç¨≈°√É∆í√¢‚Ç¨≈°√É‚Äö√¢‚Ç¨≈°√É∆í√Ü‚Äô√É‚Äö√Ü‚Äô√É∆í√¢‚Ç¨≈°√É‚Äö√Ü‚Äô√É∆í√Ü‚Äô√É‚Äö√¢‚Ç¨≈°√É∆í√¢‚Ç¨≈°√É‚Äö√Ü‚Äô√É∆í√Ü‚Äô√É‚Äö√Ü‚Äô√É∆í√¢‚Ç¨≈°√É‚Äö√¢‚Ç¨≈°√É∆í√Ü‚Äô√É‚Äö√¢‚Ç¨≈°√É∆í√¢‚Ç¨≈°√É‚Äö√¢‚Ç¨≈°√É∆í√Ü‚Äô√É‚Äö√Ü‚Äô√É∆í√¢‚Ç¨≈°√É‚Äö√Ü‚Äô√É∆í√Ü‚Äô√É‚Äö√¢‚Ç¨≈°√É∆í√¢‚Ç¨≈°√É‚Äö√¢‚Ç¨≈°√É∆í√Ü‚Äô√É‚Äö√Ü‚Äô√É∆í√¢‚Ç¨≈°√É‚Äö√¢‚Ç¨≈°√É∆í√Ü‚Äô√É‚Äö√¢‚Ç¨≈°√É∆í√¢‚Ç¨≈°√É‚Äö√¢‚Ç¨≈°√É∆í√Ü‚Äô√É‚Äö√Ü‚Äô√É∆í√¢‚Ç¨≈°√É‚Äö√Ü‚Äô√É∆í√Ü‚Äô√É‚Äö√¢‚Ç¨≈°√É∆í√¢‚Ç¨≈°√É‚Äö√Ü‚Äô√É∆í√Ü‚Äô√É‚Äö√Ü‚Äô√É∆í√¢‚Ç¨≈°√É‚Äö√¢‚Ç¨≈°√É∆í√Ü‚Äô√É‚Äö√¢‚Ç¨≈°√É∆í√¢‚Ç¨≈°√É‚Äö√Ü‚Äô√É∆í√Ü‚Äô√É‚Äö√Ü‚Äô√É∆í√¢‚Ç¨≈°√É‚Äö√Ü‚Äô√É∆í√Ü‚Äô√É‚Äö√¢‚Ç¨≈°√É∆í√¢‚Ç¨≈°√É‚Äö√¢‚Ç¨≈°√É∆í√Ü‚Äô√É‚Äö√Ü‚Äô√É∆í√¢‚Ç¨≈°√É‚Äö√¢‚Ç¨≈°√É∆í√Ü‚Äô√É‚Äö√¢‚Ç¨≈°√É∆í√¢‚Ç¨≈°√É‚Äö√Ü‚Äô√É∆í√Ü‚Äô√É‚Äö√Ü‚Äô√É∆í√¢‚Ç¨≈°√É‚Äö√Ü‚Äô√É∆í√Ü‚Äô√É‚Äö√¢‚Ç¨≈°√É∆í√¢‚Ç¨≈°√É‚Äö√Ü‚Äô√É∆í√Ü‚Äô√É‚Äö√Ü‚Äô√É∆í√¢‚Ç¨≈°√É‚Äö√¢‚Ç¨≈°√É∆í√Ü‚Äô√É‚Äö√¢‚Ç¨≈°√É∆í√¢‚Ç¨≈°√É‚Äö√¢‚Ç¨≈°√É∆í√Ü‚Äô√É‚Äö√Ü‚Äô√É∆í√¢‚Ç¨≈°√É‚Äö√Ü‚Äô√É∆í√Ü‚Äô√É‚Äö√¢‚Ç¨≈°√É∆í√¢‚Ç¨≈°√É‚Äö√¢‚Ç¨≈°√É∆í√Ü‚Äô√É‚Äö√Ü‚Äô√É∆í√¢‚Ç¨≈°√É‚Äö√¢‚Ç¨≈°√É∆í√Ü‚Äô√É‚Äö√¢‚Ç¨≈°√É∆í√¢‚Ç¨≈°√É‚Äö√¢‚Ç¨≈°√É∆í√Ü‚Äô√É‚Äö√Ü‚Äô√É∆í√¢‚Ç¨≈°√É‚Äö√Ü‚Äô√É∆í√Ü‚Äô√É‚Äö√¢‚Ç¨≈°√É∆í√¢‚Ç¨≈°√É‚Äö√Ü‚Äô√É∆í√Ü‚Äô√É‚Äö√Ü‚Äô√É∆í√¢‚Ç¨≈°√É‚Äö√¢‚Ç¨≈°√É∆í√Ü‚Äô√É‚Äö√¢‚Ç¨≈°√É∆í√¢‚Ç¨≈°√É‚Äö√Ü‚Äô√É∆í√Ü‚Äô√É‚Äö√Ü‚Äô√É∆í√¢‚Ç¨≈°√É‚Äö√Ü‚Äô√É∆í√Ü‚Äô√É‚Äö√¢‚Ç¨≈°√É∆í√¢‚Ç¨≈°√É‚Äö√¢‚Ç¨≈°√É∆í√Ü‚Äô√É‚Äö√Ü‚Äô√É∆í√¢‚Ç¨≈°√É‚Äö√¢‚Ç¨≈°√É∆í√Ü‚Äô√É‚Äö√¢‚Ç¨≈°√É∆í√¢‚Ç¨≈°√É‚Äö√¢‚Ç¨≈°√É∆í√Ü‚Äô√É‚Äö√Ü‚Äô√É∆í√¢‚Ç¨≈°√É‚Äö√Ü‚Äô√É∆í√Ü‚Äô√É‚Äö√¢‚Ç¨≈°√É∆í√¢‚Ç¨≈°√É‚Äö√Ü‚Äô√É∆í√Ü‚Äô√É‚Äö√Ü‚Äô√É∆í√¢‚Ç¨≈°√É‚Äö√¢‚Ç¨≈°√É∆í√Ü‚Äô√É‚Äö√¢‚Ç¨≈°√É∆í√¢‚Ç¨≈°√É‚Äö√¢‚Ç¨≈°√É∆í√Ü‚Äô√É‚Äö√Ü‚Äô√É∆í√¢‚Ç¨≈°√É‚Äö√Ü‚Äô√É∆í√Ü‚Äô√É‚Äö√¢‚Ç¨≈°√É∆í√¢‚Ç¨≈°√É‚Äö√¢‚Ç¨≈°√É∆í√Ü‚Äô√É‚Äö√Ü‚Äô√É∆í√¢‚Ç¨≈°√É‚Äö√¢‚Ç¨≈°√É∆í√Ü‚Äô√É‚Äö√¢‚Ç¨≈°√É∆í√¢‚Ç¨≈°√É‚Äö√¢‚Ç¨¬¢Hare Airport in early April. The individual had 1 prior dose of MMR vaccine,https://dph.illinois.gov/resource-center/news/2025/april/release-20250430.html,
17199,Williamson,Illinois,-88.9299,37.7303,66902,4,0,4,0,0,4,0,county,0,0,1,3,,,5/5/25,,,https://dph.illinois.gov/resource-center/news/2025/may/release-20250505.html,
17199,Williamson,Illinois,-88.9299,37.7303,66902,1,0,1,0,0,1,0,county,0,0,1,0,,,4/23/25,," involving an adult in far southern Illinois, was confirmed through laboratory testing on April 23.",https://www.illinois.gov/news/press-release.31199.html,
17,Unknown County,Illinois,-88.372974,41.312077,12812508,2,0,2,0,0,2,0,county,0,0,0,2,,,10/22/25,,,https://dph.illinois.gov/topics-services/diseases-and-conditions/measles.html,
18133,Putnam,Indiana,-86.845,39.6663,37091,1,1,0,0,0,1,0,county,0,0,0,1,,,7/8/25,,,https://www.facebook.com/PCHDIndiana/posts/pfbid02nhU1pmnnhjnb69kVAr2LsRa2GzbjZsaZHQrNwje2AkhFrAqGDeN8msNFLxgKqo97l,
18003,Allen,Indiana,-85.0665,41.0909,388791,8,0,8,0,5,3,0,county,0,5,3,0,,,4/23/25,, a child who is unvaccinated and an adult whose vaccination status is unknown,https://allencountyhealth.com/department/news/health-officials-confirm-two-additional-measles-cases-risk-to-community-remains-low,
18003,Allen,Indiana,-85.0665,41.0909,388791,6,0,6,0,4,2,0,county,0,4,2,0,,,4/9/25,,three unvaccinated minors and two adults with unknown vaccination status,https://allencountyhealth.com/department/news/additional-measles-cases-confirmed,
18003,Allen,Indiana,-85.0665,41.0909,388791,1,0,1,0,1,0,0,county,0,1,0,0,,,4/7/25,,an unvaccinated minor within Allen County,https://allencountyhealth.com/department/news/health-department-confirms-measles-case,
18089,Lake,Indiana,-87.3821,41.4167,498990,2,0,2,0,1,1,0,county,0,1,0,1,,,10/31/25,,,https://www.in.gov/health/idepd/diseases-and-conditions-resource-page/measles/,
18089,Lake,Indiana,-87.3821,41.4167,498990,1,0,1,0,1,0,0,county,0,1,0,0,,,10/17/25,,an unvaccinated child,https://www.in.gov/health/idepd/diseases-and-conditions-resource-page/measles/,
19,Western,Iowa,-95.10435,41.97493056,606405,1,0,1,0,0,0,1,county,0,0,1,0,,,7/22/25,,,https://hhs.iowa.gov/center-acute-disease-epidemiology/disease-information,
19,Eastern,Iowa,-91.64545556,41.92909259,1249126,6,1,5,0,4,0,2,county,0,3,3,0,,,7/14/25,, in an adult resident of Eastern Iowa and is notifying the public of potential exposure locations.  The individual is fully vaccinated and has no known link to the previous measles cases in Iowa,https://hhs.iowa.gov/news-release/2025-07-14/iowa-health-officials-confirm-measles-case-release-locations-potential-exposures,
19,Eastern,Iowa,-91.64545556,41.92909259,1249126,5,1,4,0,4,0,1,county,0,3,2,0,,,6/12/25,,,https://hhs.iowa.gov/center-acute-disease-epidemiology/disease-information,
19,Eastern,Iowa,-91.64545556,41.92909259,1249126,2,1,1,0,1,0,1,county,0,1,1,0,,,6/11/25,,an unvaccinated child from the Eastern region of the state who was exposed during international travel. ,https://hhs.iowa.gov/center-acute-disease-epidemiology/disease-information,
19,Eastern,Iowa,-91.64545556,41.92909259,1249126,1,0,1,0,0,0,1,county,0,0,1,0,,,6/9/25,,,https://hhs.iowa.gov/center-acute-disease-epidemiology/disease-information,
19,Central,Iowa,-93.40754375,41.84471875,1038892,2,1,1,0,2,0,0,county,0,2,0,0,,,12/16/25,,,https://hhs.iowa.gov/center-acute-disease-epidemiology/disease-information,
19,Central,Iowa,-93.40754375,41.84471875,1038892,1,0,1,0,1,0,0,county,0,1,0,0,,,5/23/25,,The Iowa Department of Health and Human Services (HHS) is reporting a confirmed case of measles in central Iowa in an unvaccinated adult.,https://hhs.iowa.gov/news-release/2025-05-23/first-case-measles-reported-iowa,
20145,Pawnee,Kansas,-99.2367,38.1813,6220,7,0,7,,,,,state,,,,,,,6/2/25,,,https://www.kdhe.ks.gov/2314/Measles-Data,
20069,Gray,Kansas,-100.4379,37.7382,5696,29,0,29,,,,,state,,,,,,,7/14/25,,,https://www.kdhe.ks.gov/2314/Measles-Data,
20069,Gray,Kansas,-100.4379,37.7382,5696,28,0,28,,,,,state,,,,,,,7/2/25,,,https://www.kdhe.ks.gov/2314/Measles-Data,
20069,Gray,Kansas,-100.4379,37.7382,5696,26,0,26,,,,,state,,,,,,,6/11/25,,,https://www.kdhe.ks.gov/2314/Measles-Data,
20069,Gray,Kansas,-100.4379,37.7382,5696,25,0,25,,,,,state,,,,,,,6/2/25,,,https://www.kdhe.ks.gov/2314/Measles-Data,
20069,Gray,Kansas,-100.4379,37.7382,5696,24,0,24,,,,,state,,,,,,,5/28/25,,Added 3 new cases on 2025-05-28,https://www.kdhe.ks.gov/2314/Measles-Data,
20069,Gray,Kansas,-100.4379,37.7382,5696,21,0,21,,,,,state,,,,,,,5/14/25,,Added 6 new cases on 2025-05-14,https://www.kdhe.ks.gov/2314/Measles-Data,
20069,Gray,Kansas,-100.4379,37.7382,5696,15,0,15,,,,,state,,,,,,,4/30/25,,total of 15 cases,https://www.kdhe.ks.gov/2314/Measles-Data,
20081,Haskell,Kansas,-100.8712,37.5622,3695,19,0,19,,,,,state,,,,,,,7/7/25,,,https://www.kdhe.ks.gov/2314/Measles-Data,
20081,Haskell,Kansas,-100.8712,37.5622,3695,18,0,18,,,,,state,,,,,,,7/2/25,,,https://www.kdhe.ks.gov/2314/Measles-Data,
20081,Haskell,Kansas,-100.8712,37.5622,3695,17,0,17,,,,,state,,,,,,,6/18/25,,,https://www.kdhe.ks.gov/2314/Measles-Data,
20081,Haskell,Kansas,-100.8712,37.5622,3695,16,0,16,,,,,state,,,,,,,6/16/25,,,https://www.kdhe.ks.gov/2314/Measles-Data,
20081,Haskell,Kansas,-100.8712,37.5622,3695,15,0,15,,,,,state,,,,,,,6/11/25,,,https://www.kdhe.ks.gov/2314/Measles-Data,
20081,Haskell,Kansas,-100.8712,37.5622,3695,12,0,12,,,,,state,,,,,,,6/9/25,,,https://www.kdhe.ks.gov/2314/Measles-Data,
20081,Haskell,Kansas,-100.8712,37.5622,3695,11,0,11,,,,,state,,,,,,,6/2/25,,,https://www.kdhe.ks.gov/2314/Measles-Data,
20081,Haskell,Kansas,-100.8712,37.5622,3695,10,0,10,,,,,state,,,,,,,5/21/25,,,https://www.kdhe.ks.gov/2314/Measles-Data,
20081,Haskell,Kansas,-100.8712,37.5622,3695,8,0,8,,,,,state,,,,,,,4/9/25,,,https://www.kdhe.ks.gov/2314/Measles-Data,
20097,Kiowa,Kansas,-99.2861,37.5582,2422,6,,6,,,,,state,,,,,,,3/31/25,,County Level vaccination data not available,https://www.kdhe.ks.gov/2314/Measles-Data,
20189,Stevens,Kansas,-101.3121,37.1923,5212,10,,10,,,,,state,,,,,0.85,0.85-0.90,7/16/25,,County Level vaccination data not available,https://www.kdhe.ks.gov/2314/Measles-Data,
20189,Stevens,Kansas,-101.3121,37.1923,5212,9,,9,,,,,state,,,,,0.85,0.85-0.90,7/7/25,,County Level vaccination data not available,https://www.kdhe.ks.gov/2314/Measles-Data,
20189,Stevens,Kansas,-101.3121,37.1923,5212,7,,7,,,,,state,,,,,0.85,0.85-0.90,4/9/25,,County Level vaccination data not available,https://www.kdhe.ks.gov/2314/Measles-Data,
20189,Stevens,Kansas,-101.3121,37.1923,5212,6,,6,,,,,state,,,,,0.85,0.85-0.90,3/31/25,,County Level vaccination data not available,https://www.kdhe.ks.gov/2314/Measles-Data,
20,Unknown County,Kansas,-96.409286,38.480984,2937880,20,,20,,,,,state,,,,,,,11/2/25,,,https://www.kdhe.ks.gov/2314/Measles-Data,
20,Unknown County,Kansas,-96.409286,38.480984,2937880,17,,17,,,,,state,,,,,,,6/17/25,,,https://www.kdhe.ks.gov/2314/Measles-Data,
20,Unknown County,Kansas,-96.409286,38.480984,2937880,16,,16,,,,,state,,,,,,,6/16/25,,,https://www.kdhe.ks.gov/2314/Measles-Data,
20,Unknown County,Kansas,-96.409286,38.480984,2937880,15,,15,,,,,state,,,,,,,6/2/25,,,https://www.kdhe.ks.gov/2314/Measles-Data,
20,Unknown County,Kansas,-96.409286,38.480984,2937880,15,,15,,,,,state,,,,,,,5/28/25,,,https://www.kdhe.ks.gov/2314/Measles-Data,
20,Unknown County,Kansas,-96.409286,38.480984,2937880,15,,15,,,,,state,,,,,,,5/14/25,,,https://www.kdhe.ks.gov/2314/Measles-Data,
20,Unknown County,Kansas,-96.409286,38.480984,2937880,15,,15,,,,,state,,,,,,,5/7/25,,,https://www.kdhe.ks.gov/2314/Measles-Data,
20,Unknown County,Kansas,-96.409286,38.480984,2937880,15,,15,,,,,state,,,,,,,4/16/25,,,https://www.kdhe.ks.gov/2314/Measles-Data,
20,Unknown County,Kansas,-96.409286,38.480984,2937880,12,,12,,,,,state,,,,,,,4/9/25,,,https://www.kdhe.ks.gov/2314/Measles-Data,
20,Unknown County,Kansas,-96.409286,38.480984,2937880,10,,10,,,,,state,,,,,,,4/5/25,,,https://www.kdhe.ks.gov/2314/Measles-Data,
20,Unknown County,Kansas,-96.409286,38.480984,2937880,9,0,9,,,,,state,,,,,,,3/31/25,,,https://www.kdhe.ks.gov/2314/Measles-Data,
21067,Fayette,Kentucky,-84.4587,38.0423,321122,6,0,6,,,,,state,,,,,,,7/10/25,,,https://www.chfs.ky.gov/agencies/dph/dehp/idb/Pages/measles.aspx,
21067,Fayette,Kentucky,-84.4587,38.0423,321122,5,0,5,,,,,state,,,,,,,7/7/25,,,https://www.chfs.ky.gov/agencies/dph/dehp/idb/Pages/measles.aspx,
21067,Fayette,Kentucky,-84.4587,38.0423,321122,1,0,1,,,,,state,,,,,,,6/30/25,,,https://www.chfs.ky.gov/agencies/dph/dehp/idb/Pages/measles.aspx,
21073,Franklin,Kentucky,-84.877,38.2392,51563,1,1,0,,,,,state,,,,,0.89,0.85-0.90,2/26/25,,an adult Kentucky resident,https://www.lfchd.org/21625-ngmiaa/,
21111,Jefferson,Kentucky,-85.6591,38.1872,777392,2,1,1,,,,,state,,,,,,,7/28/25,,,https://www.chfs.ky.gov/agencies/dph/dehp/idb/Pages/measles.aspx,
21111,Jefferson,Kentucky,-85.6591,38.1872,777392,1,1,0,,,,,state,,,,,,,7/14/25,,,https://www.chfs.ky.gov/agencies/dph/dehp/idb/Pages/measles.aspx,
21113,Jessamine,Kentucky,-84.5809,37.872,53792,4,0,4,0,4,0,0,state,3,1,0,0,,,1/30/26,,,https://www.chfs.ky.gov/agencies/dph/dehp/idb/Pages/measles.aspx,
21113,Jessamine,Kentucky,-84.5809,37.872,53792,1,0,1,0,1,0,0,state,1,0,0,0,,,1/16/26,,,https://www.chfs.ky.gov/agencies/dph/dehp/idb/Pages/measles.aspx,
21219,Todd,Kentucky,-87.1792,36.8357,12330,1,0,1,,,,,state,,,,,,,6/30/25,,,https://www.chfs.ky.gov/agencies/dph/dehp/idb/Pages/measles.aspx,
21239,Woodford,Kentucky,-84.7436,38.0424,27017,3,0,3,,,,,state,,,,,,,6/30/25,,,https://www.chfs.ky.gov/agencies/dph/dehp/idb/Pages/measles.aspx,
21,Unknown County,Kentucky,-85.261296,37.838308,4505836,1,1,0,,,,,state,,,,,,,6/30/25,,International resident,https://www.chfs.ky.gov/agencies/dph/dehp/idb/Pages/measles.aspx,
22071,Region 1,Louisiana,-89.999761,29.903565,875761,2,1,1,0,1,1,0,county,0,0,1,1,,,4/22/25,,the second case was only reported in the media,https://ldh.la.gov/news/measles-whooping-cough-update,
22071,Region 1,Louisiana,-89.999761,29.903565,376035,1,1,0,0,1,0,0,county,0,0,1,0,,,4/19/25,,"an adult resident of Region 1 (comprised of Jefferson, Orleans, Plaquemines, and St. Bernard parishes).",https://ldh.la.gov/news/R1-measles-case,
0,Region 9,Louisiana,-90.262548,30.506128,"606,219",1,1,0,0,0,1,0,county,0,0,1,0,,,11/10/25,,"ne case of measles in an adult resident of Region 9 (comprised of Livingston, St. Helena, St. Tammany, Tangipahoa, and Washington parishes). The patient was exposed to measles during international travel. ",https://ldh.la.gov/news/measles-exposure-r9,
24027,Howard,Maryland,-76.9312,39.2507,333916,1,1,0,0,0,1,0,county,0,0,0,1,0.86,0.85-0.90,3/9/25,,,https://health.maryland.gov/newsroom/Pages/One-Case-of-Measles-Confirmed-in-Maryland.aspx,
24033,Prince George's,Maryland,-76.8473,38.8295,955584,2,2,0,0,0,2,0,county,0,0,0,2,0.89,0.85-0.90,3/10/25,,,https://health.maryland.gov/newsroom/Pages/Two-cases-of-measles-confirmed-in-Maryland-residents-with-recent-international-travel.aspx,
26055,Grand Traverse,Michigan,-85.5605,44.6687,95757,4,0,4,0,0,4,0,county,0,0,0,4,,,7/2/25,,Outbreak confirmed,https://www.gtcountymi.gov/DocumentCenter/View/23934/Confirmed-Measles-Outbreak-Identified-in-GTC-062325-?bidId=,
26055,Grand Traverse,Michigan,-85.5605,44.6687,95757,3,0,3,0,0,3,0,county,0,0,0,3,,,6/23/25,,Outbreak confirmed,https://www.gtcountymi.gov/DocumentCenter/View/23934/Confirmed-Measles-Outbreak-Identified-in-GTC-062325-?bidId=,
26055,Grand Traverse,Michigan,-85.5605,44.6687,95757,2,0,2,0,0,2,0,county,0,0,0,1,,,6/20/25,,"This additional case of measles in the community is linked to the first confirmed case,
identified on June 18th, 2025. ",https://www.gtcountymi.gov/DocumentCenter/View/23929/GTCHD-Reports-Additional-Measles-Case-and-Exposure-Sites-062025?bidId=,
26055,Grand Traverse,Michigan,-85.5605,44.6687,95757,1,0,1,0,0,1,0,county,0,0,0,1,,,6/18/25,,"this Grand Traverse County resident
had close exposure to an out-of-state traveler who was confirmed to be positive for measles. ",https://www.gtcountymi.gov/DocumentCenter/View/23901/Confirmed-Case-of-Measles-Identified-in-GTC-061825-?bidId=,
26005,Allegan,Michigan,-85.8883,42.5913,120913,1,0,1,0,0,1,0,county,0,0,0,1,,,6/6/25,,,https://www.allegancounty.org/home/showpublisheddocument/16698,
26065,Ingham,Michigan,-84.3735,42.5971,282015,1,1,0,0,0,0,1,county,1,0,0,0,,,4/15/25,,Added 1 initial cases on 2025-04-15,https://www.facebook.com/InghamHealth,
26081,Kent,Michigan,-85.5493,43.0322,658844,4,2,2,0,0,4,0,county,0,1,1,2,,,7/24/25,,,https://content.govdelivery.com/accounts/KENTCOMI/bulletins/3d93e1e,
26081,Kent,Michigan,-85.5493,43.0322,658844,2,2,0,0,0,2,0,county,0,1,1,0,,,7/2/25,,a case of measles in a young child whose family has a recent history of international travel.,https://content.govdelivery.com/accounts/KENTCOMI/bulletins/3e79ffb,
26081,Kent,Michigan,-85.5493,43.0322,658844,1,1,0,0,0,1,0,county,0,0,1,0,,,4/4/25,,"Added 1 initial cases on 04/04/2025, travelled to NJ as well, The infected adult recently traveled abroad",https://content.govdelivery.com/accounts/KENTCOMI/bulletins/3d93e1e,
26099,Macomb,Michigan,-82.9323,42.6957,877624,2,1,1,0,0,2,0,county,0,0,1,1,,,6/11/25,,New case reported on state map,https://www.macombgov.org/departments/health-department/news/macomb-county-health-department-reports-local-measles-case,
26099,Macomb,Michigan,-82.9323,42.6957,877624,1,1,0,0,0,1,0,county,0,0,1,0,,,4/4/25,,"First case, travel to Canada, infected adult",https://www.macombgov.org/departments/health-department/news/macomb-county-health-department-reports-local-measles-case,
26103,Marquette,Michigan,-87.6416,46.4313,66430,2,0,2,0,0,2,0,county,0,0,0,2,,,6/2/25,,,https://www.michigan.gov/mdhhs/adult-child-serv/childrenfamilies/immunizations/measlesupdates,
26103,Marquette,Michigan,-87.6416,46.4313,66430,1,0,1,0,0,1,0,county,0,0,0,1,,,5/30/25,,Added 1 initial cases on 2025-05-29,https://cms4files.revize.com/marquettemi/HealthDept/NewsRelease/PressReleaseMeaslesMQT.pdf,
26117,Montcalm,Michigan,-85.1525,43.311,67174,4,1,3,0,0,4,0,county,0,0,0,4,,,4/23/25,Yes,Added 1 new cases on 2025-04-23,https://www.michigan.gov/mdhhs/adult-child-serv/childrenfamilies/immunizations/measlesupdates,
26117,Montcalm,Michigan,-85.1525,43.311,67174,3,1,2,0,0,3,0,county,0,0,0,3,,,4/17/25,,fourth measles case has been confirmed in Michigan,https://www.michigan.gov/mdhhs/adult-child-serv/childrenfamilies/immunizations/measlesupdates,
26117,Montcalm,Michigan,-85.1525,43.311,67174,1,1,0,0,0,1,0,county,0,0,0,1,,,4/10/25,,fourth measles case has been confirmed in Michigan,https://www.michigan.gov/mdhhs/adult-child-serv/childrenfamilies/immunizations/measlesupdates,
26125,Oakland,Michigan,-83.3858,42.6604,1272294,2,1,1,0,0,2,0,county,0,0,1,1,0.85,0.85-0.90,12/16/25,,,https://www.michigan.gov/mdhhs/adult-child-serv/childrenfamilies/immunizations/measlesupdates,
26125,Oakland,Michigan,-83.3858,42.6604,1272294,1,1,0,0,0,1,0,county,0,0,1,0,0.85,0.85-0.90,3/14/25,,adult case of measles in Oakland County.,"https://www.michigan.gov/mdhhs/inside-mdhhs/newsroom/2025/03/14/first-measles-case-in-the-state-confirmed-in-oakland-county#:~:text=OAKLAND, Mich.,first case since July 2024.",
26121,Muskegon,Michigan,-86.152,43.2912,175378,3,0,3,1,0,2,0,county,0,0,1,2,,,10/23/25,,,https://www.michigan.gov/mdhhs/adult-child-serv/childrenfamilies/immunizations/measlesupdates,
26121,Muskegon,Michigan,-86.152,43.2912,175378,2,0,2,1,0,1,0,county,0,0,1,1,,,10/9/25,,,https://www.michigan.gov/mdhhs/adult-child-serv/childrenfamilies/immunizations/measlesupdates,
26121,Muskegon,Michigan,-86.152,43.2912,175378,1,0,1,0,0,1,0,county,0,0,1,0,,,6/26/25,,,https://www.michigan.gov/mdhhs/adult-child-serv/childrenfamilies/immunizations/measlesupdates,
26133,Osceola,Michigan,-85.3252,43.9898,23122,7,0,7,0,0,7,0,county,0,0,0,7,,,7/31/25,,,https://www.michigan.gov/mdhhs/adult-child-serv/childrenfamilies/immunizations/measlesupdates,
26133,Osceola,Michigan,-85.3252,43.9898,23122,2,0,2,0,0,2,0,county,0,0,0,2,,,7/24/25,,,https://www.michigan.gov/mdhhs/adult-child-serv/childrenfamilies/immunizations/measlesupdates,
27037,Dakota,Minnesota,-93.0654,44.6719,442204,1,0,1,0,1,0,0,county,0,1,0,0,,,6/2/25,,The second case is an unvaccinated child from Dakota County who has not traveled outside of Minnesota in the last month and had no known exposures.,https://www.health.state.mn.us/news/pressrel/2025/measles060225.html,
27163,Washington,Minnesota,-92.8838,45.0388,272298,1,1,0,0,0,1,0,county,0,0,1,0,,,6/2/25,,The case is a Washington County adult whose vaccination status is unverified. The individual was exposed during domestic air travel outside of Minnesota.,https://www.health.state.mn.us/news/pressrel/2025/measles060225.html,
27053,Hennepin,Minnesota,-93.477,45.0046,1268903,2,2,0,0,1,1,0,county,1,0,1,0,,,4/23/25,,new case involves an infant who was diagnosed while in another country. Health officials said the child is too young to receive the MMR vaccine.,https://www.health.state.mn.us/news/pressrel/2025/measles060225.html,https://www.fox9.com/news/minnesota-reports-2nd-measles-case-health-officials-urge-vaccinations
27053,Hennepin,Minnesota,-93.477,45.0046,1268903,1,1,0,0,0,1,0,county,0,0,1,0,,,3/24/25,,"On March 24, a case of measles was confirmed in an adult who lives in Hennepin County and had recently traveled domestically and internationally. ",https://www.health.state.mn.us/news/pressrel/2025/measles060225.html,https://www.kare11.com/article/news/local/minnesota-reports-first-measles-case-of-2025/89-ca48893e-8de0-4a0e-954c-5da5bc03239d
27109,Olmsted,Minnesota,-92.4018,44.0038,163425,1,1,0,0,1,0,0,county,1,0,0,0,,,10/17/25,,"a case of measles in an unvaccinated child residing in Olmsted County. The individual is under the age of five, exhibiting symptoms, and has a recent history of international travel.  ",https://www.olmstedcounty.gov/government/county-news-events/county-news/Measles-case-confirmed-in-Olmsted-County,
27,Twin Cities Metro Area,Minnesota,-93.2903,44.9708,3156517,10,10,0,0,10,0,0,county,0,0,0,10,,,10/1/25,,These new measles cases can all be tied to either domestic or international travel and all of the new cases are among unvaccinated people. ,https://www.health.state.mn.us/news/pressrel/2025/measles100125.html,
27,Unknown County,Minnesota,-93.558751,45.18999,5706494,12,0,12,0,0,12,0,county,0,0,0,12,,,1/22/26,,,https://www.health.state.mn.us/diseases/measles/stats.html,
27,Unknown County,Minnesota,-93.558751,45.18999,5706494,11,0,11,0,0,11,0,county,0,0,0,11,,,12/5/25,,,https://www.health.state.mn.us/diseases/measles/stats.html,
27,Unknown County,Minnesota,-93.558751,45.18999,5706494,9,0,9,0,0,9,0,county,0,0,0,9,,,11/13/25,,,https://www.health.state.mn.us/diseases/measles/stats.html,
27,Unknown County,Minnesota,-93.558751,45.18999,5706494,8,0,8,0,0,8,0,county,0,0,0,8,,,10/31/25,,,https://www.health.state.mn.us/diseases/measles/stats.html,
27,Unknown County,Minnesota,-93.558751,45.18999,5706494,6,0,6,0,0,6,0,county,0,0,0,6,,,10/9/25,,,https://www.health.state.mn.us/diseases/measles/stats.html,
27,Unknown County,Minnesota,-93.558751,45.18999,5706494,4,0,4,0,0,4,0,county,0,0,0,4,,,9/25/25,,,https://www.health.state.mn.us/diseases/measles/stats.html,
27,Unknown County,Minnesota,-93.558751,45.18999,5706494,1,0,1,0,0,1,0,county,0,0,0,1,,,6/11/25,,"5th case, exposure in the US",https://www.health.state.mn.us/diseases/measles/stats.html,
29039,Cedar,Missouri,-93.8566,37.7239,14440,5,0,5,0,5,0,0,county,0,1,0,4,,,7/3/25,,"three family members of the county's first case announced on June 23, were determined to have had measles based on their symptoms and exposure timeline.",https://www.facebook.com/photo?fbid=712725961645659&set=a.136049269313334,
29039,Cedar,Missouri,-93.8566,37.7239,14440,2,0,2,0,2,0,0,county,0,1,0,1,,,7/1/25,,laboratory-confirmed case of measles in a Cedar County resident. This case was laboratory-confirmed on July 1.,https://www.facebook.com/photo?fbid=712725961645659&set=a.136049269313334,
29039,Cedar,Missouri,-93.8566,37.7239,14440,1,0,1,0,1,0,0,county,0,1,0,0,,,6/23/25,,an unvaccinated child resident of Cedar County.,https://www.facebook.com/photo?fbid=705083345743254&set=a.136049269313334,
29143,New Madrid,Missouri,-89.6517,36.5946,16041,1,0,1,1,0,0,0,county,0,0,1,0,,,5/6/25,,an adult resident of New Madrid County.,https://content.govdelivery.com/accounts/MODHSS/bulletins/3df3486,
29213,Taney,Missouri,-93.0411,36.6548,56382,1,1,0,0,0,1,0,county,0,1,0,0,,,4/18/25,,a confirmed case of measles in a visitor of Taney County associated with recent international travel. The case is in a child whose vaccination status has not yet been verified.,https://health.mo.gov/news/newsitem/uuid/58f781a5-e996-4c78-918c-07b00af263cf/case-of-measles-confirmed-in-traveler-to-missouri,
30013,Cascade,Montana,-111.347,47.308,84601,1,0,1,0,0,0,1,county,0,0,1,0,,,7/16/25,,The individual is a vaccinated adult.,https://www.cascadecountymt.gov/634/Measles,
30029,Flathead,Montana,-114.0497,48.2951,108445,2,2,0,0,0,2,0,county,0,0,2,0,,,5/29/25,,"a Flathead County resident who has reported recent travel outside of Montana. There is no
clear indication of the exact point of exposure and there is no connection with the previous
case reported in Flathead County. This individual is an adult and is currently isolating at home
following recent hospitalization for the illness. The vaccination status of the individual is
unknown at this time.",https://flatheadcounty.gov/application/files/4417/4855/4730/Flathead_County_Measles_Press_Release_5.29.2025_002.pdf,
30029,Flathead,Montana,-114.0497,48.2951,108445,1,1,0,0,0,1,0,county,0,0,1,0,,,5/21/25,,This individual is an adult and is currently isolating at home. The vaccination status of the individual is unknown.,https://dphhs.mt.gov/publichealth/cdepi/diseases/Measles,
30031,Gallatin,Montana,-111.1704,45.5404,122194,23,5,18,10,0,13,0,county,1,5,4,13,,,12/7/25,,,https://www.healthygallatin.org/community-health/communicable-diseases/measles/,
30031,Gallatin,Montana,-111.1704,45.5404,122194,22,5,17,10,0,12,0,county,1,5,3,13,,,11/30/25,,,https://www.healthygallatin.org/community-health/communicable-diseases/measles/,
30031,Gallatin,Montana,-111.1704,45.5404,122194,20,5,15,10,0,10,0,county,1,5,1,13,,,11/23/25,,,https://www.healthygallatin.org/community-health/communicable-diseases/measles/,
30031,Gallatin,Montana,-111.1704,45.5404,122194,19,5,14,10,0,9,0,county,0,5,1,13,,,7/20/25,,,https://www.healthygallatin.org/community-health/communicable-diseases/measles/,
30031,Gallatin,Montana,-111.1704,45.5404,122194,17,5,12,10,0,7,0,county,0,3,1,13,,,6/22/25,,,https://www.healthygallatin.org/community-health/communicable-diseases/measles/,
30031,Gallatin,Montana,-111.1704,45.5404,122194,16,5,11,10,0,6,0,county,0,3,1,12,,,6/15/25,,,https://www.healthygallatin.org/community-health/communicable-diseases/measles/,
30031,Gallatin,Montana,-111.1704,45.5404,122194,13,5,8,10,0,3,0,county,0,2,1,10,,,6/10/25,,,https://www.healthygallatin.org/community-health/communicable-diseases/measles/,
30031,Gallatin,Montana,-111.1704,45.5404,122194,12,5,7,10,0,2,0,county,0,0,1,11,,,6/9/25,,,https://www.healthygallatin.org/community-health/communicable-diseases/measles/,
30031,Gallatin,Montana,-111.1704,45.5404,122194,11,5,6,10,0,1,0,county,0,0,1,10,,,6/5/25,,,https://www.healthygallatin.org/community-health/communicable-diseases/measles/,
30031,Gallatin,Montana,-111.1704,45.5404,122194,10,5,5,10,0,0,0,county,0,0,1,9,,,5/28/25,,Added 1 new cases on 2025-05-28,https://www.healthygallatin.org/community-health/communicable-diseases/measles/,
30031,Gallatin,Montana,-111.1704,45.5404,122194,9,5,4,9,0,0,0,county,0,0,1,8,,,5/23/25,,This individual is an adult and is currently isolating.,https://dphhs.mt.gov/publichealth/cdepi/diseases/Measles,
30031,Gallatin,Montana,-111.1704,45.5404,122194,8,5,3,8,0,0,0,county,0,0,0,8,,,5/5/25,,Household exposure from previous cases,https://dphhs.mt.gov/publichealth/cdepi/diseases/Measles,
30031,Gallatin,Montana,-111.1704,45.5404,122194,7,5,2,7,0,0,0,county,0,0,0,7,,,4/29/25,,"The two additional cases are household contacts of the initial cases, were not immunized against measles, and were isolating at home when they became ill.",https://dphhs.mt.gov/publichealth/cdepi/diseases/Measles,
30031,Gallatin,Montana,-111.1704,45.5404,122194,5,5,0,5,0,0,0,county,0,4,1,0,,,4/17/25,,"Children and adults, all unvaccinated or unknown vaccination, out of state travel",https://dphhs.mt.gov/News/2025/April/MeaslesCasesConfirmedinMontana,
30041,Hill,Montana,-110.1112,48.6282,16260,4,0,4,0,4,0,0,county,0,4,0,0,,,6/6/25,,"Unvaccinated, child and a contact to a previously reported case",https://hillcountyhealth.com/wp-content/uploads/2025/06/6-6-2025-New-Additional-Positive-Cases-Press-Release.pdf,
30041,Hill,Montana,-110.1112,48.6282,16260,3,0,3,0,3,0,0,county,0,3,0,0,,,6/2/25,,both children who are unvaccinated,https://hillcountyhealth.com/wp-content/uploads/2025/06/2-Additional-Cases.pdf,
30041,Hill,Montana,-110.1112,48.6282,16260,1,0,1,0,1,0,0,county,0,1,0,0,,,5/22/25,,This individual is a child and is currently isolating at home. The patient was not immunized against measles when they became infected,https://dphhs.mt.gov/publichealth/cdepi/diseases/Measles,
30049,Lewis and Clark,Montana,-112.3904,47.1224,72580,2,0,2,0,0,2,0,county,0,1,0,1,,,8/24/25,,"The individual is a minor who had previously received one dose of the MMR (measles,
mumps, rubella) vaccine. (At this time, vaccine status is reported by parents but not
confirmed by records.) The individual’s last infectious day was Tuesday, August 12th.",https://www.lccountymt.gov/files/assets/county/v/1/health/documents/communicable-disease/measles-response/single-measles-case-confirmed-in-lewis-and-clark-county.pdf,
30049,Lewis and Clark,Montana,-112.3904,47.1224,72580,1,0,1,0,0,1,0,county,0,1,0,0,,,8/12/25,,"The individual is a minor who had previously received one dose of the MMR (measles,
mumps, rubella) vaccine. (At this time, vaccine status is reported by parents but not
confirmed by records.) The individual’s last infectious day was Tuesday, August 12th.",https://www.lccountymt.gov/files/assets/county/v/1/health/documents/communicable-disease/measles-response/single-measles-case-confirmed-in-lewis-and-clark-county.pdf,
30111,Yellowstone,Montana,-108.2744,45.9373,167340,4,0,4,0,0,4,0,county,0,2,0,2,,,7/20/25,,,https://dphhs.mt.gov/publichealth/cdepi/diseases/Measles,
30111,Yellowstone,Montana,-108.2744,45.9373,167340,3,0,3,0,0,3,0,county,0,1,0,2,,,7/13/25,,,https://dphhs.mt.gov/publichealth/cdepi/diseases/Measles,
30111,Yellowstone,Montana,-108.2744,45.9373,167340,2,0,2,0,0,2,0,county,0,0,0,2,,,6/1/25,,,https://dphhs.mt.gov/publichealth/cdepi/diseases/Measles,
31109,Lancaster,Nebraska,-96.6878,40.7842,323673,1,0,1,0,0,1,0,county,0,0,0,1,,,1/30/26,,A case has been reported in Lancaster County. ,https://www.lincoln.ne.gov/City/Departments/Health-Department/Public-Health-Informatics-and-Planning/Communicable-Disease/Measles,
31141,Platte,Nebraska,-97.5211,41.5713,34358,1,1,0,0,1,0,0,county,0,1,0,0,,,12/30/25,,Unvaccinated child with a visit to Arizona,https://www.facebook.com/photo/?fbid=1472428988221726&set=pcb.1472429381555020,
31161,Sheridan,Nebraska,-102.4089,42.5048,5058,1,1,0,0,0,0,1,county,0,1,0,0,,,5/28/25,,The patient is an appropriately vaccinated child with no out-of-state travel history.,https://dhhs.ne.gov/Pages/First-Confirmed-Measles-Case-Reported-in-Nebraska.aspx,
31,Unknown County,Nebraska,-97.222143,41.167883,1961504,3,0,3,0,0,3,0,county,0,0,0,3,,,1/8/26,,Nebraska has identified 3 cases of measles in 2025 and 2 cases of measles in 2026,https://dhhs.ne.gov/Pages/Measles.aspx,
31,Unknown County,Nebraska,-97.222143,41.167883,1961504,1,0,1,0,0,1,0,county,0,0,0,1,,,12/31/25,,,https://dhhs.ne.gov/Pages/Measles.aspx,
32003,Clark,Nevada,-115.0135,36.2152,2293764,1,0,1,0,1,0,0,county,1,0,0,0,,,11/7/25,,"The case involves an infant who was not yet eligible to receive the measles, mumps and rubella (MMR) vaccine.",https://www.southernnevadahealthdistrict.org/news-release/first-measles-case-reported-in-clark-county/,
32031,Washoe,Nevada,-119.6643,40.6655,491770,1,0,1,0,1,0,0,county,0,0,1,0,,,12/27/25,,an unvaccinated adult male who was hospitalized. ,https://washoelife.washoecounty.gov/nnph/nnph-reports-measles-case-in-washoe-county/,
34029,Ocean,New Jersey,-74.2814,39.8856,646434,1,0,1,0,0,1,0,county,0,0,0,1,,,7/10/25,,The single confirmed case is a resident of Ocean County; limited information is available at this time.,https://www.nj.gov/health/news/2025/approved/20250710a.shtml,
34017,Hudson,New Jersey,-74.0751,40.7408,710478,2,0,2,0,0,2,0,county,0,0,0,2,,,8/22/25,,The single confirmed case is a resident of Hudson County who presented with measles following close contact with a confirmed case of measles in a non-NJ resident. ,https://www.nj.gov/health/news/2025/approved/20250822a.shtml?_gl=1*12gfhve*_ga*NjAyNjM0NTguMTc0MzM3NDQ5OQ..*_ga_5PWJJG6642*czE3NTYxNzMwNzkkbzQzJGcxJHQxNzU2MTczMTA2JGozMyRsMCRoMA..,
34017,Hudson,New Jersey,-74.0751,40.7408,710478,1,0,1,0,0,1,0,county,0,0,0,1,,,7/3/25,,under investigation,https://www.nj.gov/health/measles/,
34003,Bergen,New Jersey,-74.0742,40.9597,954717,4,1,3,0,3,1,0,county,0,1,0,3,0.92,0.90-0.95,9/3/25,,The single confirmed case is a resident of Bergen County. ,https://www.nj.gov/health/news/2025/approved/20250903a.shtml?_gl=1*1990lzj*_ga*NjAyNjM0NTguMTc0MzM3NDQ5OQ..*_ga_5PWJJG6642*czE3NTcwMjE1NzEkbzQ5JGcwJHQxNzU3MDIxNTcxJGo2MCRsMCRoMA..,
34003,Bergen,New Jersey,-74.0742,40.9597,954717,3,1,2,0,3,0,0,county,0,1,0,2,0.92,0.90-0.95,2/17/25,,Info on official websites mentioned as non-nj residents,https://www.nj.com/healthfit/2025/02/new-measles-cases-tied-to-nj-patient-who-visited-3-health-facilities.html,
34003,Bergen,New Jersey,-74.0742,40.9597,954717,1,1,0,0,1,0,0,county,0,1,0,0,0.92,0.90-0.95,2/14/25,,,https://www.nj.gov/health/news/2025/approved/20250214a.shtml,
34031,Passaic,New Jersey,-74.3009,41.0344,518289,1,1,0,0,0,1,0,county,0,0,0,1,,,8/2/25,,The single confirmed case is a resident of Passaic County who presented with measles following recent international travel. ,https://www.nj.gov/health/news/2025/approved/20250802a.shtml,
34,Unknown County,New Jersey,-74.424465,40.438248,9288994,3,2,1,0,0,3,0,county,0,0,0,3,,,10/29/25,,,https://www.nj.gov/health/measles/,
34,Unknown County,New Jersey,-74.424465,40.438248,9288994,2,2,0,0,0,2,0,county,0,0,0,2,,,8/29/25,,These cases are unrelated to each other or to previous NJ cases or exposures.  Both cases developed measles following recent international travel.,https://www.nj.gov/health/measles/,
35045,San Juan,New Mexico,-108.3206,36.5085,121178,1,0,1,,,,,state,,,,,,,6/3/25,,,https://www.nmhealth.org/about/erd/ideb/mog/,
35005,Chaves,New Mexico,-104.4669,33.3633,64446,1,0,1,,,,,state,,,,,,,4/8/25,,Initial report: 1 case(s),https://www.nmhealth.org/about/erd/ideb/mog/,
35009,Curry,New Mexico,-103.347,34.5742,47932,1,0,1,,,,,state,,,,,,,5/9/25,,Added 1 initial cases on 2025-05-10,https://www.nmhealth.org/about/erd/ideb/mog/,
35013,Dona Ana,New Mexico,-106.8328,32.3526,221665,2,0,2,,,,,state,,,,,,,5/2/25,,Added 1 new cases on 2025-05-05,https://www.nmhealth.org/about/erd/ideb/mog/,
35013,Dona Ana,New Mexico,-106.8328,32.3526,221665,1,0,1,,,,,state,,,,,,,4/15/25,,first case of the county,https://www.nmhealth.org/about/erd/ideb/mog/,
35015,Eddy,New Mexico,-104.3044,32.4714,61114,3,0,3,,,,,state,,,,,0.91,0.90-0.95,4/25/25,,1 new case(s) added,https://www.nmhealth.org/news/vaccine/2025/4/?view=2198,
35015,Eddy,New Mexico,-104.3044,32.4714,61114,2,0,2,,,,,state,,,,,0.91,0.90-0.95,4/4/25,,,https://www.nmhealth.org/news/vaccine/2025/4/?view=2198,
35015,Eddy,New Mexico,-104.3044,32.4714,61114,1,0,1,,,,,state,,,,,0.91,0.90-0.95,3/31/25,,"First case, local",https://www.nmhealth.org/news/awareness/2025/3/?view=2191,
35025,Lea,New Mexico,-103.4125,32.7921,73154,67,0,67,,,,,state,,,,,0.86,0.85-0.90,6/3/25,Yes,,https://www.nmhealth.org/news/vaccine/2025/4/?view=2198,
35025,Lea,New Mexico,-103.4125,32.7921,73154,66,0,66,,,,,state,,,,,0.86,0.85-0.90,5/27/25,Yes,Added 1 new cases on 2025-05-27,https://www.nmhealth.org/news/vaccine/2025/4/?view=2198,
35025,Lea,New Mexico,-103.4125,32.7921,73154,65,0,65,,,,,state,,,,,0.86,0.85-0.90,5/16/25,Yes,Added 1 new cases on 2025-05-16,https://www.nmhealth.org/news/vaccine/2025/4/?view=2198,
35025,Lea,New Mexico,-103.4125,32.7921,73154,64,0,64,,,,,state,,,,,0.86,0.85-0.90,5/9/25,Yes,Added 3 new cases on 2025-05-10,https://www.nmhealth.org/news/alert/2025/2/?view=2177,
35025,Lea,New Mexico,-103.4125,32.7921,73154,61,0,61,,,,,state,,,,,0.86,0.85-0.90,4/23/25,Yes,Added 2 new cases on 2025-04-23,https://www.nmhealth.org/about/erd/ideb/mog/,
35025,Lea,New Mexico,-103.4125,32.7921,73154,59,0,59,,,,,state,,,,,0.86,0.85-0.90,4/15/25,Yes,Added 2 new cases on 04/10/2025,https://www.nmhealth.org/about/erd/ideb/mog/,
35025,Lea,New Mexico,-103.4125,32.7921,73154,55,0,55,,,,,state,,,,,0.86,0.85-0.90,4/11/25,Yes,Added 2 new cases on 04/10/2025,https://www.nmhealth.org/about/erd/ideb/mog/,
35025,Lea,New Mexico,-103.4125,32.7921,73154,53,0,53,,,,,state,,,,,0.86,0.85-0.90,4/8/25,Yes,1 new case(s) added,https://www.nmhealth.org/news/vaccine/2025/4/?view=2198,
35025,Lea,New Mexico,-103.4125,32.7921,73154,52,0,52,,,,,state,,,,,0.86,0.85-0.90,4/4/25,Yes,,https://www.nmhealth.org/news/vaccine/2025/4/?view=2198,
35025,Lea,New Mexico,-103.4125,32.7921,73154,32,0,32,0,32,0,0,state,,,,,0.86,0.85-0.90,3/11/25,Yes,,https://www.nmhealth.org/news/awareness/2025/3/?view=2191,
35025,Lea,New Mexico,-103.4125,32.7921,73154,30,0,30,29,1,0,0,state,,,,,0.86,0.85-0.90,3/7/25,Yes,,https://www.nmhealth.org/news/vaccine/2025/3/?view=2190,
35025,Lea,New Mexico,-103.4125,32.7921,73154,3,0,3,0,1,2,0,state,,,,,0.86,0.85-0.90,2/14/25,Yes,"2 additional cases, local, outbreak declared",https://www.nmhealth.org/news/vaccine/2025/2/?view=2180,
35025,Lea,New Mexico,-103.4125,32.7921,73154,1,0,1,0,1,0,0,state,,,,,0.86,0.85-0.90,2/11/25,,"First case, local",https://www.nmhealth.org/news/alert/2025/2/?view=2177,
35029,Luna,New Mexico,-107.7499,32.1823,25420,14,0,14,,,,,state,,,,,,,7/3/25,,,https://www.nmhealth.org/about/erd/ideb/mog/,
35029,Luna,New Mexico,-107.7499,32.1823,25420,13,0,13,,,,,state,,,,,,,7/1/25,,,https://www.nmhealth.org/about/erd/ideb/mog/,
35029,Luna,New Mexico,-107.7499,32.1823,25420,5,0,5,,,,,state,,,,,,,6/27/25,,,https://www.nmhealth.org/about/erd/ideb/mog/,
35043,Sandoval,New Mexico,-106.8659,35.6886,151538,6,0,6,,,,,state,,,,,,,5/23/25,,Added 4 ,https://www.nmhealth.org/about/erd/ideb/mog/,
35043,Sandoval,New Mexico,-106.8659,35.6886,151538,2,0,2,,,,,state,,,,,,,5/16/25,,Added 2 initial cases on 2025-05-16,https://www.nmhealth.org/about/erd/ideb/mog/,
35049,Santa Fe,New Mexico,-105.9763,35.5069,155175,5,1,4,,,,,state,,,,,,,8/10/25,,,https://www.nmhealth.org/about/erd/ideb/mog/,
35049,Santa Fe,New Mexico,-105.9763,35.5069,155175,2,1,1,0,1,0,0,state,0,1,0,0,,,7/28/25,,,https://www.nmhealth.org/about/erd/ideb/mog/,
35049,Santa Fe,New Mexico,-105.9763,35.5069,155175,1,1,0,0,1,0,0,state,0,1,0,0,,,7/22/25,,The individual is an unvaccinated child under the age of 10 who contracted the virus during international travel. This new case increases the total number of measles cases in the state to 96. ,https://www.nmhealth.org/news/awareness/2025/7/?view=2253,
36079,Putnam,New York,-73.7495,41.4267,97988,1,0,1,0,0,1,0,county,0,0,0,1,,,6/3/25,,,https://www.nyc.gov/site/doh/health/health-topics/measles.page,
36061,New York City,New York,-73.9668,40.7792,1627788,20,,20,3,2,15,0,county,0,0,0,20,0.93,0.90-0.95,12/5/25,,,https://www.nyc.gov/site/doh/health/health-topics/measles.page,
36061,New York City,New York,-73.9668,40.7792,1627788,19,,19,3,2,14,0,county,0,0,0,19,0.93,0.90-0.95,11/28/25,,,https://www.nyc.gov/site/doh/health/health-topics/measles.page,
36061,New York City,New York,-73.9668,40.7792,1627788,18,,18,3,2,13,0,county,0,0,0,18,0.93,0.90-0.95,10/17/25,,,https://www.nyc.gov/site/doh/health/health-topics/measles.page,
36061,New York City,New York,-73.9668,40.7792,1627788,16,,16,3,2,11,0,county,0,0,0,16,0.93,0.90-0.95,9/26/25,,,https://www.nyc.gov/site/doh/health/health-topics/measles.page,
36061,New York City,New York,-73.9668,40.7792,1627788,15,,15,3,2,10,0,county,0,0,0,15,0.93,0.90-0.95,9/19/25,,,https://www.nyc.gov/site/doh/health/health-topics/measles.page,
36061,New York City,New York,-73.9668,40.7792,1627788,13,,13,3,2,8,0,county,0,0,0,13,0.93,0.90-0.95,9/12/25,,,https://www.nyc.gov/site/doh/health/health-topics/measles.page,
36061,New York City,New York,-73.9668,40.7792,1627788,12,,12,3,2,7,0,county,0,0,0,12,0.93,0.90-0.95,9/8/25,,,https://www.nyc.gov/site/doh/health/health-topics/measles.page,
36061,New York City,New York,-73.9668,40.7792,1627788,9,,9,3,2,4,0,county,0,0,0,9,0.93,0.90-0.95,8/18/25,,,https://www.nyc.gov/site/doh/health/health-topics/measles.page,
36061,New York City,New York,-73.9668,40.7792,1627788,8,,8,3,2,3,0,county,0,0,0,8,0.93,0.90-0.95,8/1/25,,,https://www.nyc.gov/site/doh/health/health-topics/measles.page,
36061,New York City,New York,-73.9668,40.7792,1627788,7,,7,3,2,2,0,county,0,0,0,7,0.93,0.90-0.95,7/11/25,,,https://www.nyc.gov/site/doh/health/health-topics/measles.page,
36061,New York City,New York,-73.9668,40.7792,1627788,6,,6,3,2,1,0,county,0,0,0,6,0.93,0.90-0.95,5/16/25,,three additional cases reported,https://www.nyc.gov/site/doh/health/health-topics/measles.page,
36061,New York City,New York,-73.9668,40.7792,1627788,3,,3,0,2,1,0,county,0,0,0,3,0.93,0.90-0.95,3/20/25,,Third case of the county mentioned,https://www.nyc.gov/site/doh/health/health-topics/measles.page,
36061,New York City,New York,-73.9668,40.7792,1627788,2,,2,0,2,0,0,county,0,0,0,2,0.93,0.90-0.95,2/26/25,,Second case mentioned,https://www.nyc.gov/assets/doh/downloads/pdf/han/advisory/2025/han-advisory-5-measles.pdf,
36061,New York City,New York,-73.9668,40.7792,1627788,1,,1,0,1,0,0,county,0,0,0,1,0.93,0.90-0.95,1/31/25,,1st case mentioned sometime in January,https://www.nyc.gov/assets/doh/downloads/pdf/han/advisory/2025/han-advisory-5-measles.pdf,https://www.nytimes.com/article/measles-new-york-new-jersey.html
36069,Ontario,New York,-77.2998,42.8528,112405,1,0,1,0,0,1,0,county,1,0,0,0,,,5/27/25,,All cases in New York State outside of NYC were individuals under the age of five.,https://www.health.ny.gov/diseases/communicable/measles/,
36071,Orange,New York,-74.3056,41.4022,403840,4,3,1,0,3,1,0,county,4,0,0,0,,,5/27/25,,All cases in New York State outside of NYC were individuals under the age of five.,https://www.health.ny.gov/diseases/communicable/measles/,
36071,Orange,New York,-74.3056,41.4022,403840,3,3,0,0,3,0,0,county,3,0,0,0,,,5/10/25,,patients less than 5 years of age who recently traveled internationally and reside in Orange County,https://www.health.ny.gov/press/releases/2025/2025-05-08_measles.htm,
36087,Rockland,New York,-74.0242,41.1525,338936,21,2,19,0,0,21,0,county,0,0,0,21,,,12/19/25,,,https://www.health.ny.gov/diseases/communicable/measles/,
36087,Rockland,New York,-74.0242,41.1525,338936,18,2,16,0,0,18,0,county,0,0,0,18,,,12/16/25,,,https://www.health.ny.gov/diseases/communicable/measles/,
36087,Rockland,New York,-74.0242,41.1525,338936,17,2,15,0,0,17,0,county,0,0,0,17,,,12/12/25,,,https://www.health.ny.gov/diseases/communicable/measles/,
36087,Rockland,New York,-74.0242,41.1525,338936,13,2,11,0,0,13,0,county,0,0,0,13,,,12/5/25,,,https://www.health.ny.gov/diseases/communicable/measles/,
36087,Rockland,New York,-74.0242,41.1525,338936,9,2,7,0,0,9,0,county,0,0,0,9,,,11/28/25,,,https://www.health.ny.gov/diseases/communicable/measles/,
36087,Rockland,New York,-74.0242,41.1525,338936,8,2,6,0,0,8,0,county,0,0,0,8,,,11/21/25,,,https://www.health.ny.gov/diseases/communicable/measles/,
36087,Rockland,New York,-74.0242,41.1525,338936,5,2,3,0,0,5,0,county,0,0,0,5,,,11/12/25,,,https://www.rocklandcountyny.gov/Home/Components/News/News/990/746?widgetId=3605,
36087,Rockland,New York,-74.0242,41.1525,338936,3,2,1,0,0,3,0,county,0,0,0,3,,,11/7/25,,,https://www.health.ny.gov/diseases/communicable/measles/,
36087,Rockland,New York,-74.0242,41.1525,338936,2,2,0,0,0,2,0,county,0,0,0,2,,,10/24/25,,"After returning home from international travel, the resident visited a healthcare facility on Tuesday, October 21st, and reported a rash on Wednesday, October 22nd, which was confirmed to be measles on Thursday, October 23rd.",https://www.rocklandcountyny.gov/Home/Components/News/News/969/,
36087,Rockland,New York,-74.0242,41.1525,338936,1,1,0,0,0,1,0,county,0,0,0,1,,,8/25/25,,"a Rockland County resident after returning home from traveling a week prior, where a potential exposure had occurred.",https://www.rocklandcountyny.gov/Home/Components/News/News/880/746?widgetId=2723,
36103,Suffolk,New York,-72.8456,40.8681,1525680,1,,1,0,1,0,0,county,1,0,0,0,0.85,<0.85,3/11/25,,"Third case of the state, a patient less than 5 years of age who resides in Suffolk County",https://www.health.ny.gov/press/releases/2025/2025-03-11_measles.htm,
37021,Buncombe,North Carolina,-82.5301,35.6112,271790,6,3,3,0,2,4,0,county,0,6,0,0,,,1/23/26,,,https://www.dph.ncdhhs.gov/programs/epidemiology/communicable-disease/infectious-respiratory-diseases/measles-rubeola/measles-cases-and-outbreaks-north-carolina#DataNotes-11522,
37021,Buncombe,North Carolina,-82.5301,35.6112,271790,5,3,2,0,2,3,0,county,0,5,0,0,,,1/15/26,,two additional cases of measles in unvaccinated siblings in Buncombe County.,https://www.ncdhhs.gov/news/press-releases/2026/01/15/additional-measles-cases-north-carolina-ncdhhs-shares-new-measles-dashboard,
37021,Buncombe,North Carolina,-82.5301,35.6112,271790,3,3,0,0,0,3,0,county,0,3,0,0,,,1/6/26,,"three siblings in Buncombe County. The family had visited Spartanburg County, South Carolina, where there is a large ongoing measles outbreak approximately 1-2 weeks before the children became sick. ",https://www.ncdhhs.gov/news/press-releases/2026/01/06/additional-children-positive-measles-north-carolina,
37025,Cabarrus,North Carolina,-80.5519,35.3868,231262,2,0,2,0,0,2,0,county,0,2,0,0,,,1/23/26,,,https://www.dph.ncdhhs.gov/programs/epidemiology/communicable-disease/infectious-respiratory-diseases/measles-rubeola/measles-cases-and-outbreaks-north-carolina#DataNotes-11522,
37081,Guilford,North Carolina,-79.7889,36.0795,542987,1,1,0,0,0,1,0,county,0,1,0,0,,,6/24/25,,The child became ill while traveling to NC from another country where measles outbreaks have recently been reported.,https://www.guilfordcountync.gov/news/press-releases/2025/06/24/first-case-measles-identified-north-carolina,
37119,Mecklenburg,North Carolina,-80.8328,35.2467,1130906,3,0,3,0,0,3,0,county,0,3,0,0,,,1/30/26,,,https://www.dph.ncdhhs.gov/programs/epidemiology/communicable-disease/infectious-respiratory-diseases/measles-rubeola/measles-cases-and-outbreaks-north-carolina#DataNotes-11522,
37119,Mecklenburg,North Carolina,-80.8328,35.2467,1130906,2,0,2,0,0,2,0,county,0,2,0,0,,,1/23/26,,,https://www.dph.ncdhhs.gov/programs/epidemiology/communicable-disease/infectious-respiratory-diseases/measles-rubeola/measles-cases-and-outbreaks-north-carolina#DataNotes-11522,
37127,Nash,North Carolina,-77.9864,35.9673,95451,1,0,1,0,0,1,0,county,0,1,0,0,,,1/30/26,,,https://www.dph.ncdhhs.gov/programs/epidemiology/communicable-disease/infectious-respiratory-diseases/measles-rubeola/measles-cases-and-outbreaks-north-carolina#DataNotes-11522,
37149,Polk,North Carolina,-82.1697,35.2793,19689,2,1,1,0,1,1,0,county,0,1,0,1,,,1/23/26,,,https://www.dph.ncdhhs.gov/programs/epidemiology/communicable-disease/infectious-respiratory-diseases/measles-rubeola/measles-cases-and-outbreaks-north-carolina#DataNotes-11522,
37149,Polk,North Carolina,-82.1697,35.2793,19689,1,1,0,0,1,0,0,county,0,1,0,0,,,12/31/25,,"a case of measles in an unvaccinated child in Polk County. The child had visited locations in Spartanburg County, South Carolina linked to a large ongoing measles outbreak in Upstate South Carolina. ",https://www.ncdhhs.gov/news/press-releases/2025/12/31/child-presumed-positive-measles-north-carolina,
37161,Rutherford,North Carolina,-81.9198,35.4026,64850,1,0,1,0,0,1,0,county,0,1,0,0,,,1/23/25,,,https://www.dph.ncdhhs.gov/programs/epidemiology/communicable-disease/infectious-respiratory-diseases/measles-rubeola/measles-cases-and-outbreaks-north-carolina#DataNotes-11522,
38013,Burke,North Dakota,-102.5182,48.791,2163,1,1,0,0,1,0,0,county,0,1,0,0,,,5/27/25,,1st case reported in county related to Williams County,https://www.hhs.nd.gov/immunizations/measles,
38017,Cass,North Dakota,-97.248,46.933,189286,7,2,5,0,7,0,0,county,2,4,1,0,,,5/17/25,,,https://www.hhs.nd.gov/immunizations/measles,
38017,Cass,North Dakota,-97.248,46.933,189286,6,2,4,0,6,0,0,county,0,0,0,6,,,5/15/25,,,https://www.hhs.nd.gov/news/new-measles-cases-reported-grand-forks-county-cases-north-dakota-rise-21,
38017,Cass,North Dakota,-97.248,46.933,189286,5,2,3,0,5,0,0,county,0,0,0,5,,,5/14/25,,,https://www.hhs.nd.gov/news/two-cases-measles-reported-cass-county,
38017,Cass,North Dakota,-97.248,46.933,189286,4,2,2,0,4,0,0,county,0,0,0,4,,,5/12/25,,,https://www.hhs.nd.gov/news/two-cases-measles-reported-cass-county,
38017,Cass,North Dakota,-97.248,46.933,189286,3,2,1,0,3,0,0,county,0,0,0,3,,,5/6/25,,,https://www.hhs.nd.gov/news/two-cases-measles-reported-cass-county,
38017,Cass,North Dakota,-97.248,46.933,189286,1,1,0,0,1,0,0,county,0,0,0,1,,,5/1/25,,,https://www.hhs.nd.gov/immunizations/measles,
38035,Grand Forks,North Dakota,-97.4569,47.9219,72764,10,2,8,0,10,0,0,county,1,9,0,0,,,5/30/25,,,https://www.hhs.nd.gov/immunizations/measles,
38035,Grand Forks,North Dakota,-97.4569,47.9219,72764,9,2,7,0,0,9,0,county,0,0,0,9,,,5/28/25,,,https://www.hhs.nd.gov/immunizations/measles,
38035,Grand Forks,North Dakota,-97.4569,47.9219,72764,7,2,5,0,0,7,0,county,0,0,0,7,,,5/26/25,,,https://www.hhs.nd.gov/immunizations/measles,
38035,Grand Forks,North Dakota,-97.4569,47.9219,72764,6,2,4,0,0,6,0,county,0,0,0,6,,,5/25/25,,,https://www.hhs.nd.gov/immunizations/measles,
38035,Grand Forks,North Dakota,-97.4569,47.9219,72764,4,2,2,0,0,4,0,county,0,0,0,4,,,5/22/25,,,https://www.hhs.nd.gov/immunizations/measles,
38035,Grand Forks,North Dakota,-97.4569,47.9219,72764,3,2,1,0,0,3,0,county,0,0,0,3,,,5/20/25,,1 new case,https://www.hhs.nd.gov/immunizations/measles,
38035,Grand Forks,North Dakota,-97.4569,47.9219,72764,2,2,0,0,0,2,0,county,0,0,0,2,,,5/17/25,, The cases in Grand Forks County are linked to international travel.,https://www.hhs.nd.gov/news/new-measles-cases-reported-grand-forks-county-cases-north-dakota-rise-21,
38035,Grand Forks,North Dakota,-97.4569,47.9219,72764,1,1,0,0,0,1,0,county,0,0,0,1,,,5/16/25,,,https://www.hhs.nd.gov/news/new-measles-cases-reported-grand-forks-county-cases-north-dakota-rise-21,
38105,Williams,North Dakota,-103.4802,48.3437,39368,18,1,17,0,18,0,0,county,1,13,4,0,,,7/14/25,,,https://www.hhs.nd.gov/health/data,
38105,Williams,North Dakota,-103.4802,48.3437,39368,17,1,16,0,17,0,0,county,1,12,4,0,,,7/1/25,,,https://www.hhs.nd.gov/health/data,
38105,Williams,North Dakota,-103.4802,48.3437,39368,16,1,15,0,16,0,0,county,1,12,3,0,,,5/28/25,,,https://www.hhs.nd.gov/health/data,
38105,Williams,North Dakota,-103.4802,48.3437,39368,15,1,14,0,15,0,0,county,0,1,0,14,,,5/18/25,,,https://www.hhs.nd.gov/immunizations/measles,
38105,Williams,North Dakota,-103.4802,48.3437,39368,14,1,13,0,14,0,0,county,0,1,0,13,,,5/16/25,,,https://www.hhs.nd.gov/immunizations/measles,
38105,Williams,North Dakota,-103.4802,48.3437,39368,13,1,12,0,13,0,0,county,0,1,0,12,,,5/11/25,,,https://www.hhs.nd.gov/immunizations/measles,
38105,Williams,North Dakota,-103.4802,48.3437,39368,12,1,11,0,12,0,0,county,0,1,0,11,,,5/10/25,,,https://www.hhs.nd.gov/immunizations/measles,
38105,Williams,North Dakota,-103.4802,48.3437,39368,11,1,10,0,11,0,0,county,0,1,0,10,,,5/7/25,,,https://www.hhs.nd.gov/immunizations/measles,
38105,Williams,North Dakota,-103.4802,48.3437,39368,10,1,9,0,10,0,0,county,0,1,0,9,,,5/6/25,,,https://www.hhs.nd.gov/immunizations/measles,
38105,Williams,North Dakota,-103.4802,48.3437,39368,8,1,7,0,8,0,0,county,0,1,0,7,,,5/4/25,,,https://www.hhs.nd.gov/immunizations/measles,
38105,Williams,North Dakota,-103.4802,48.3437,39368,5,1,4,0,5,0,0,county,0,1,0,4,,,5/3/25,,,https://www.hhs.nd.gov/immunizations/measles,
38105,Williams,North Dakota,-103.4802,48.3437,39368,3,1,2,0,3,0,0,county,0,1,0,2,,,5/2/25,,,https://www.hhs.nd.gov/immunizations/measles,
38105,Williams,North Dakota,-103.4802,48.3437,39368,1,1,0,0,1,0,0,county,0,1,0,0,,,4/29/25,,an unvaccinated child from Williams County who is believed to have contracted the illness from an out-of-state visitor. ,https://www.hhs.nd.gov/news/first-case-measles-reported-north-dakota-2011,
39003,Allen,Ohio,-84.1058,40.7715,101685,1,1,0,0,1,0,0,county,0,0,0,1,,,3/14/25,, an unvaccinated resident under 18 years of age,https://data.ohio.gov/wps/portal/gov/data/view/summary-of-infectious-diseases-in-ohio,https://www.vwcs.net/post-panel/news/~board/van-wert-city-schools/post/measles-case-confirmed-in-allen-county
39007,Ashtabula,Ohio,-80.7482,41.7072,97343,16,3,13,0,11,5,0,county,0,0,2,14,0.86,0.85-0.90,4/12/25,,,https://data.ohio.gov/wps/portal/gov/data/view/summary-of-infectious-diseases-in-ohio,
39007,Ashtabula,Ohio,-80.7482,41.7072,97343,14,3,11,0,11,3,0,county,0,0,2,12,0.86,0.85-0.90,4/11/25,,,https://data.ohio.gov/wps/portal/gov/data/view/summary-of-infectious-diseases-in-ohio,
39007,Ashtabula,Ohio,-80.7482,41.7072,97343,11,3,8,0,11,0,0,county,0,0,2,9,0.86,0.85-0.90,4/1/25,,,https://data.ohio.gov/wps/portal/gov/data/view/summary-of-infectious-diseases-in-ohio,
39007,Ashtabula,Ohio,-80.7482,41.7072,97343,10,2,8,0,10,0,0,county,0,0,2,8,0.86,0.85-0.90,3/9/25,,,https://data.ohio.gov/wps/portal/gov/data/view/summary-of-infectious-diseases-in-ohio,
39007,Ashtabula,Ohio,-80.7482,41.7072,97343,4,2,2,0,4,0,0,county,0,0,2,2,0.86,0.85-0.90,3/8/25,,,https://data.ohio.gov/wps/portal/gov/data/view/summary-of-infectious-diseases-in-ohio,
39007,Ashtabula,Ohio,-80.7482,41.7072,97343,3,2,1,0,3,0,0,county,0,0,2,1,0.86,0.85-0.90,3/7/25,,,https://data.ohio.gov/wps/portal/gov/data/view/summary-of-infectious-diseases-in-ohio,
39007,Ashtabula,Ohio,-80.7482,41.7072,97343,2,2,0,0,2,0,0,county,0,0,2,0,0.86,0.85-0.90,2/25/25,,,https://data.ohio.gov/wps/portal/gov/data/view/summary-of-infectious-diseases-in-ohio,
39007,Ashtabula,Ohio,-80.7482,41.7072,97343,1,1,0,0,1,0,0,county,0,0,1,0,0.86,0.85-0.90,2/24/25,,The confirmed case is adult and  had contact with someone with international travel a,https://data.ohio.gov/wps/portal/gov/data/view/summary-of-infectious-diseases-in-ohio,
39035,Cuyahoga,Ohio,-81.6586,41.4243,1249418,5,2,3,0,1,4,0,county,0,1,0,4,,,1/6/26,,,https://data.ohio.gov/wps/portal/gov/data/view/summary-of-infectious-diseases-in-ohio,
39035,Cuyahoga,Ohio,-81.6586,41.4243,1249418,4,1,3,0,1,3,0,county,0,1,0,3,,,1/4/26,,,https://data.ohio.gov/wps/portal/gov/data/view/summary-of-infectious-diseases-in-ohio,
39035,Cuyahoga,Ohio,-81.6586,41.4243,1249418,2,1,1,0,1,1,0,county,0,1,0,1,,,12/29/25,,,https://data.ohio.gov/wps/portal/gov/data/view/summary-of-infectious-diseases-in-ohio,
39035,Cuyahoga,Ohio,-81.6586,41.4243,1249418,1,1,0,0,1,0,0,county,0,1,0,0,,,4/28/25,,A child who was not vaccinated for measles tested positive for the virus. The pediatric measles case was initially reported to the county on May 4,https://data.ohio.gov/wps/portal/gov/data/view/summary-of-infectious-diseases-in-ohio,https://signalcleveland.org/cuyahoga-county-has-a-confirmed-measles-case-heres-what-to-know/
39039,Defiance,Ohio,-84.4905,41.3239,38258,1,1,0,0,0,1,0,county,0,0,1,0,,,4/13/25,,an isolated case of an adult with an unknown vaccination status with minimal exposure to others.,https://defiancecohealth.org/defiance-county-confirmed-case-of-measles/?utm_source=rss&utm_medium=rss&utm_campaign=defiance-county-confirmed-case-of-measles,
39075,Holmes,Ohio,-81.9293,40.5612,44312,1,0,1,0,0,1,0,county,0,0,1,0,,,4/2/25,,an adult resident.,https://www.holmeshealth.org/the-holmes-county-general-health-district-receives-confirmed-measles-case-in-the-county/,
39083,Knox,Ohio,-82.4215,40.3988,62888,14,0,14,0,0,14,0,county,0,0,0,14,,,4/9/25,,11 new cases linked to the first case,https://www.knoxhealth.com/index.php/public-health-news-articles/509-measles-outbreak-in-knox-county-20-total-confirmed-cases-2,
39083,Knox,Ohio,-82.4215,40.3988,62888,8,0,8,0,0,8,0,county,0,0,0,8,,,4/6/25,,,https://www.knoxhealth.com/index.php/public-health-news-articles/506-two-more-confirmed-measles-cases-in-knox-county,
39083,Knox,Ohio,-82.4215,40.3988,62888,7,0,7,0,0,7,0,county,0,0,0,7,,,4/2/25,,,https://www.knoxhealth.com/index.php/public-health-news-articles/506-two-more-confirmed-measles-cases-in-knox-county,
39083,Knox,Ohio,-82.4215,40.3988,62888,6,0,6,0,0,6,0,county,0,0,0,6,,,3/31/25,,,https://odh.ohio.gov/media-center/odh-news-releases/odh-confirms-measles-outbreak-032625,
39049,Franklin,Ohio,-83.0093,39.9695,1321635,7,0,7,0,0,7,0,county,0,7,0,0,,,10/22/25,,,https://data.ohio.gov/wps/portal/gov/data/view/summary-of-infectious-diseases-in-ohio,
39049,Franklin,Ohio,-83.0093,39.9695,1321635,6,0,6,0,0,6,0,county,0,6,0,0,,,10/8/25,,,https://data.ohio.gov/wps/portal/gov/data/view/summary-of-infectious-diseases-in-ohio,
39049,Franklin,Ohio,-83.0093,39.9695,1321635,5,0,5,0,0,5,0,county,0,0,0,5,,,9/29/25,,,https://data.ohio.gov/wps/portal/gov/data/view/summary-of-infectious-diseases-in-ohio,
39049,Franklin,Ohio,-83.0093,39.9695,1321635,3,0,3,0,0,3,0,county,0,0,0,3,,,9/24/25,,,https://data.ohio.gov/wps/portal/gov/data/view/summary-of-infectious-diseases-in-ohio,
39049,Franklin,Ohio,-83.0093,39.9695,1321635,2,0,2,0,0,2,0,county,0,0,0,2,,,9/15/25,,"local/impoted status unknown, Case less than 18 years old and hospitalized.",https://data.ohio.gov/wps/portal/gov/data/view/summary-of-infectious-diseases-in-ohio,
39049,Franklin,Ohio,-83.0093,39.9695,1321635,1,0,1,0,0,1,0,county,0,0,0,1,,,5/20/25,,,https://data.ohio.gov/wps/portal/gov/data/view/summary-of-infectious-diseases-in-ohio,
39119,Muskingum,Ohio,-81.9444,39.9654,86382,3,0,3,0,3,0,0,county,0,3,0,0,,,8/29/25,,"three laboratory confirmed cases of measles were identified in three children in Muskingum County, all unvaccinated. All three children are from the same family, and they are all currently home and improving. ",https://www.facebook.com/100063545919967/posts/1340928461368672/?mibextid=WC7FNe&rdid=bawZFk2NN4joCrFP,
40109,Unknown County,Oklahoma,-96.854171,35.606866,3959353,17,0,17,0,14,2,1,county,0,0,0,17,0.95,0.90-0.95,6/13/25,,,https://oklahoma.gov/health/health-education/acute-disease-service/rash-illness/measles.html,
40109,Unknown County,Oklahoma,-96.854171,35.606866,3959353,16,0,16,0,14,1,1,county,0,0,0,16,0.95,0.90-0.95,6/6/25,,,https://oklahoma.gov/health/health-education/acute-disease-service/rash-illness/measles.html,
40109,Unknown County,Oklahoma,-96.854171,35.606866,3959353,15,0,15,0,13,1,1,county,0,0,0,15,0.95,0.90-0.95,6/3/25,,,https://oklahoma.gov/health/health-education/acute-disease-service/rash-illness/measles.html,
40109,Unknown County,Oklahoma,-96.854171,35.606866,3959353,14,0,14,0,12,1,1,county,0,0,0,14,0.95,0.90-0.95,5/6/25,,Added 2 new cases on 2025-05-06,https://oklahoma.gov/health/health-education/acute-disease-service/rash-illness/measles.html,
40109,Unknown County,Oklahoma,-96.854171,35.606866,3959353,13,0,13,,12,,1,county,0,0,0,13,0.95,0.90-0.95,5/2/25,,Added 1 new case,https://oklahoma.gov/health/health-education/acute-disease-service/rash-illness/measles.html,
40109,Unknown County,Oklahoma,-96.854171,35.606866,3959353,12,0,12,,11,,1,county,0,0,0,12,0.95,0.90-0.95,4/25/25,,Added 2 new cases on 2025-04-27,https://oklahoma.gov/health/health-education/acute-disease-service/rash-illness/measles.html,
40109,Unknown County,Oklahoma,-96.854171,35.606866,3959353,10,0,10,0,10,0,0,county,0,0,0,10,0.95,0.90-0.95,4/23/25,,Added 3 new cases on 2025-04-23,https://oklahoma.gov/health/health-education/acute-disease-service/rash-illness/measles.html,
40109,Unknown County,Oklahoma,-96.854171,35.606866,3959353,9,0,9,0,9,0,0,county,0,0,0,9,0.95,0.90-0.95,4/15/25,,Added 1 new cases on 04/02/2025,https://oklahoma.gov/health/health-education/acute-disease-service/rash-illness/measles.html,
40109,Unknown County,Oklahoma,-96.854171,35.606866,3959353,8,0,8,0,8,0,0,county,0,0,0,8,0.95,0.90-0.95,4/2/25,,Added 1 new cases on 04/02/2025,https://oklahoma.gov/health/health-education/acute-disease-service/rash-illness/measles.html,
40109,Unknown County,Oklahoma,-96.854171,35.606866,3959353,7,0,7,0,7,0,0,county,0,0,0,7,0.95,0.90-0.95,3/25/25,,The State reports 2 probable cases,https://oklahoma.gov/health/health-education/acute-disease-service/rash-illness/measles.html,
41005,Clackamas,Oregon,-122.2208,45.188,422308,1,0,1,0,1,0,0,county,0,0,0,1,,,1/16/26,,"The affected individual is unvaccinated. OHA and Clackamas County health officials have not yet determined whether the person has traveled outside of Oregon, or if the case is linked to other known cases including the two previously reported cases — both unvaccinated and with no known travel outside Oregon — previously confirmed by OHA and Linn County on Jan. 10.",https://www.oregon.gov/oha/ERD/Pages/OHA-Clackamas-County-confirm-new-measles-case-01.16.2026.aspx,
41043,Linn,Oregon,-122.5343,44.4887,129794,2,0,2,0,2,0,0,county,0,0,0,2,,,1/12/26,,Two cases of measles have been confirmed in Linn County.,https://www.oregon.gov/oha/PH/PREPAREDNESS/PARTNERS/HEALTHALERTNETWORK/HAN%20Archive/2026-0110%20Measles%20exposure%20at%20emergency%20rooms%20in%20Linn%20County%20–%20January%202026.pdf,
41051,Multnomah,Oregon,-122.4149,45.5468,803863,1,1,0,0,1,0,0,county,0,0,1,0,,,6/24/25,,"a case of measles in an individual who recently returned to the state following international travel. The individual is not vaccinated against measles.

A commercial laboratory confirmed the measles case June 23. The affected individual is an adult who developed measles symptoms—sore throat, weakness, fatigue, headache and fever—on June 16.
a case of measles in an individual who recently returned to the state following international travel. The individual is not vaccinated against measles.

A commercial laboratory confirmed the measles case June 23. The affected individual is an adult who developed measles symptoms—sore throat, weakness, fatigue, headache and fever—on June 16.
a case of measles in an individual who recently returned to the state following international travel. The individual is not vaccinated against measles.

A commercial laboratory confirmed the measles case June 23. The affected individual is an adult who developed measles symptoms—sore throat, weakness, fatigue, headache and fever—on June 16.
a case of measles in an individual who recently returned to the state following international travel. The individual is not vaccinated against measles.",https://www.oregon.gov/oha/ERD/Pages/Oregons-first-measles-case-of-2025-confirmed-in-Multnomah-County.aspx,
41,Unknown County,Oregon,-122.588257,44.753509,4237256,2,0,2,0,1,1,0,county,0,0,0,2,,,1/29/26,,,https://www.oregon.gov/oha/ph/diseasesconditions/diseasesaz/pages/measles.aspx,
42017,Bucks,Pennsylvania,-75.1069,40.337,645993,1,1,0,0,1,0,0,county,0,0,1,0,,,3/27/25,,Recent travel to Texas,https://www.buckscounty.gov/CivicAlerts.aspx?AID=1251,
42041,Cumberland,Pennsylvania,-77.2655,40.1636,264422,2,0,2,0,0,2,0,county,0,0,0,2,,,12/18/25,,Confirmation from officials on the two cases,https://www.pennlive.com/news/2025/12/pa-confirms-16-cases-of-measles-in-2025-as-officials-monitor-outbreaks-in-other-states.html,
42049,Erie,Pennsylvania,-80.0327,41.9925,269544,8,2,6,0,0,8,0,county,0,1,0,7,,,5/9/25,Yes,,https://eriecountypa.gov/departments/health/health-now/measles/,
42049,Erie,Pennsylvania,-80.0327,41.9925,269544,5,2,3,0,0,5,0,county,0,1,0,4,,,4/15/25,Yes,Added 2 new cases on 2025-04-15,https://eriecountypa.gov/wp-content/uploads/2025/04/ECDH-Media-Release-4-14-25.pdf,
42049,Erie,Pennsylvania,-80.0327,41.9925,269544,3,2,1,0,0,3,0,county,0,1,0,2,,,3/30/25,,"a confirmed case of measles in an Erie
County child.",https://eriecountypa.gov/wp-content/uploads/2025/03/Media-Release-3-30-25.pdf,
42049,Erie,Pennsylvania,-80.0327,41.9925,269544,2,2,0,0,0,2,0,county,0,0,0,2,,,3/25/25,,,https://www.pennlive.com/health/2025/03/2-cases-of-measles-reported-in-pa-county-heres-where.html,
42071,Lancaster,Pennsylvania,-76.2477,40.0424,555151,1,0,1,0,1,0,0,county,0,0,0,1,,,4/13/25,,"an unvaccinated resident of another state visiting in Lancaster County, ",https://www.pa.gov/agencies/health/newsroom/doh-alerts-pennsylvanians-of-confirmed-measles-case-in-in-lancas.html,
42091,Montgomery,Pennsylvania,-75.3673,40.2108,861225,1,1,0,0,1,0,0,county,0,1,0,0,0.86,0.85-0.90,3/2/25,,an unvaccinated Montgomery County child.,https://www.montgomerycountypa.gov/civicalerts.aspx?AID=4649,
42101,Philadelphia,Pennsylvania,-75.1339,40.0077,1582432,2,2,0,0,0,2,0,county,1,0,0,1,0.94,0.90-0.95,4/11/25,,Added 1 new cases on 2025-04-11,https://www.phila.gov/2025-04-11-health-department-issues-notification-about-potential-measles-exposure-4/,
42101,Philadelphia,Pennsylvania,-75.1339,40.0077,1582432,1,1,0,0,0,1,0,county,0,0,0,1,0.94,0.90-0.95,3/31/25,,,https://hip.phila.gov/disease-control/diseasesconditions/measles/,https://whyy.org/articles/philadelphia-measles-chop-south-philly/
42,Unknown County,Pennsylvania,-76.965232,40.443486,13002700,1,1,0,0,0,1,0,county,0,0,0,1,,,8/21/25,,Pennsylvania Department of Health Announces Confirmed Measles Case in Out-of-State Individual who visited Multiple PA Counties,https://www.pa.gov/agencies/health/newsroom/doh-announces-confirmed-measles-case-in-out-of-state-individual,
44007,Providence,Rhode Island,-71.58,41.8721,658977,1,1,0,0,1,0,0,county,0,1,0,0,0.92,0.90-0.95,1/18/25,,"a young, unvaccinated child with a recent history of international travel.",https://www.ri.gov/press/view/48669,
46019,Butte,South Dakota,-103.5079,44.9058,10538,4,4,0,0,4,0,0,county,0,0,4,0,,,12/24/25,,,https://doh.sd.gov/diseases/measles/,
46019,Butte,South Dakota,-103.5079,44.9058,10538,3,3,0,0,3,0,0,county,0,0,3,0,,,12/17/25,,,https://doh.sd.gov/diseases/measles/,
46019,Butte,South Dakota,-103.5079,44.9058,10538,1,1,0,0,1,0,0,county,0,0,1,0,,,11/29/25,,,https://doh.sd.gov/diseases/measles/,
46051,Grant,South Dakota,-96.7677,45.1719,7544,5,5,0,0,5,0,0,county,0,5,0,0,,,1/17/26,,,https://doh.sd.gov/diseases/measles/,
46083,Lincoln,South Dakota,-96.7218,43.2789,68286,8,7,1,0,8,0,0,county,0,7,1,0,,,6/28/25,,,https://doh.sd.gov/diseases/measles/,
46083,Lincoln,South Dakota,-96.7218,43.2789,68286,2,1,1,0,2,0,0,county,0,2,0,0,,,6/21/25,,,https://doh.sd.gov/diseases/measles/,
46103,Pennington,South Dakota,-102.8238,44.0037,112081,2,1,1,0,0,2,0,county,0,0,2,0,,,6/7/25,,,https://doh.sd.gov/news/public-health-notice-measles-exposure-possible-at-rapid-city-locations/,
46103,Pennington,South Dakota,-102.8238,44.0037,112081,1,0,1,0,0,1,0,county,0,0,1,0,,,5/31/25,,South Dakota’s second confirmed measles case,https://doh.sd.gov/news/public-health-notice-measles-exposure-possible-at-rapid-city-locations/,
46093,Meade,South Dakota,-102.7169,44.5668,30297,2,1,1,0,2,0,0,county,0,0,2,0,,,6/14/25,,,https://doh.sd.gov/diseases/measles/,
46093,Meade,South Dakota,-102.7169,44.5668,30297,1,1,0,0,1,0,0,county,0,0,1,0,,,6/2/25,,The South Dakota Department of Health is reporting the first measles case of 2025 in a South Dakota resident. An adult in Meade County developed a measles infection after traveling internationally,https://doh.sd.gov/news/department-of-health-reports-first-measles-case-in-south-dakota/,
0,Upstate,South Carolina,-82.32325826,34.77834072,1549634,847,5,842,0,49,796,2,county,10,31,6,800,,,1/30/26,,,https://dph.sc.gov/diseases-conditions/infectious-diseases/measles-rubeola/measles-dashboard,
0,Upstate,South Carolina,-82.32325826,34.77834072,1549634,789,5,784,0,49,738,2,county,10,31,6,742,,,1/27/26,,,https://dph.sc.gov/diseases-conditions/infectious-diseases/measles-rubeola/measles-dashboard,
0,Upstate,South Carolina,-82.32325826,34.77834072,1549634,700,5,695,0,49,649,2,county,10,31,6,653,,,1/23/26,,,https://dph.sc.gov/news/friday-measles-update-dph-reports-54-new-measles-cases-upstate-bringing-outbreak-total-700,
0,Upstate,South Carolina,-82.32325826,34.77834072,1549634,646,5,641,0,49,595,2,county,10,31,6,599,,,1/20/26,,,https://dph.sc.gov/news/tuesday-measles-update-dph-reports-88-new-measles-cases-upstate-bringing-outbreak-total-646,
0,Upstate,South Carolina,-82.32325826,34.77834072,1549634,558,5,553,0,49,507,2,county,10,31,6,511,,,1/16/26,,,https://dph.sc.gov/news/friday-measles-update-dph-reports-124-new-measles-cases-upstate-bringing-outbreak-total-558,
0,Upstate,South Carolina,-82.32325826,34.77834072,1549634,434,5,429,0,49,382,2,county,10,31,6,387,,,1/13/26,,,https://dph.sc.gov/news/tuesday-measles-update-dph-reports-124-new-measles-cases-upstate-new-public-exposures-and,
0,Upstate,South Carolina,-82.32325826,34.77834072,1549634,310,5,305,0,49,259,2,county,10,31,6,263,,,1/9/26,,,https://dph.sc.gov/news/friday-measles-update-dph-reports-99-new-measles-cases-upstate-bringing-outbreak-total-310,
0,Upstate,South Carolina,-82.32325826,34.77834072,1549634,299,5,294,0,49,248,2,county,10,31,6,252,,,12/31/25,,,https://dph.sc.gov/diseases-conditions/infectious-diseases/measles-rubeola/2025-measles-outbreak,
0,Upstate,South Carolina,-82.32325826,34.77834072,1549634,176,5,171,0,49,125,2,county,10,31,6,129,,,12/30/25,,,https://dph.sc.gov/news/tuesday-measles-update-dph-reports-20-new-measles-cases-upstate-bringing-outbreak-total-176,
0,Upstate,South Carolina,-82.32325826,34.77834072,1549634,156,5,151,0,49,105,2,county,10,31,6,109,,,12/26/25,,,https://dph.sc.gov/news/friday-measles-update-dph-reports-three-new-measles-cases-upstate-bringing-outbreak-total-156,
0,Upstate,South Carolina,-82.32325826,34.77834072,1549634,153,5,148,0,49,102,2,county,10,31,6,106,,,12/23/25,,,https://dph.sc.gov/news/tuesday-measles-update-dph-reports-nine-new-measles-cases-upstate-bringing-outbreak-total-153,
0,Upstate,South Carolina,-82.32325826,34.77834072,1549634,144,5,139,0,49,93,2,county,10,31,6,97,,,12/19/25,,,https://dph.sc.gov/news/friday-measles-update-dph-reports-9-new-measles-cases-upstate-bringing-outbreak-total-144,
0,Upstate,South Carolina,-82.32325826,34.77834072,1549634,135,5,130,0,49,84,2,county,10,31,6,88,,,12/16/25,,,https://dph.sc.gov/news/tuesday-measles-update-dph-reports-nine-new-measles-cases-upstate-bringing-outbreak-total-135,
0,Upstate,South Carolina,-82.32325826,34.77834072,1549634,126,5,121,0,49,75,2,county,10,31,6,79,,,12/12/25,,,https://dph.sc.gov/news/friday-measles-update-dph-reports-15-new-measles-cases-upstate-bringing-outbreak-total-126-11,
0,Upstate,South Carolina,-82.32325826,34.77834072,1549634,111,5,106,0,49,60,2,county,10,31,6,64,,,12/9/25,,,https://dph.sc.gov/news/tuesday-measles-update-dph-reports-27-new-measles-cases-upstate-bringing-outbreak-total-111,
0,Upstate,South Carolina,-82.32325826,34.77834072,1549634,84,5,79,0,49,33,2,county,10,31,6,37,,,12/5/25,,,https://dph.sc.gov/news/friday-measles-update-dph-reports-8-new-measles-cases-upstate-bringing-outbreak-total-84,
0,Upstate,South Carolina,-82.32325826,34.77834072,1549634,76,5,71,0,49,25,2,county,10,31,6,29,,,12/3/25,,,https://dph.sc.gov/news/tuesday-measles-update-dph-reports-14-new-measles-cases-upstate-bringing-outbreak-total-76,
0,Upstate,South Carolina,-82.32325826,34.77834072,1549634,62,5,57,0,49,11,2,county,10,31,6,15,,,11/28/25,,,https://dph.sc.gov/news/friday-measles-update-dph-reports-seven-new-measles-cases-upstate-bringing-outbreak-total-62,
0,Upstate,South Carolina,-82.32325826,34.77834072,1549634,55,5,50,0,49,4,2,county,10,31,6,8,,,11/25/25,,,https://dph.sc.gov/news/tuesday-measles-update-dph-reports-three-new-measles-cases-upstate-bringing-outbreak-total-55,
0,Upstate,South Carolina,-82.32325826,34.77834072,1549634,52,5,47,0,49,1,2,county,10,31,6,5,,,11/21/25,,,https://dph.sc.gov/diseases-conditions/infectious-diseases/measles-rubeola/2025-measles-outbreak,
0,Upstate,South Carolina,-82.32325826,34.77834072,1549634,44,5,39,0,2,42,0,county,0,0,0,44,,,11/14/25,,,https://dph.sc.gov/news/friday-measles-update-dph-confirms-additional-measles-case-upstate-outbreak-bringing-0,
0,Upstate,South Carolina,-82.32325826,34.77834072,1549634,34,5,29,0,2,32,0,county,0,0,0,34,,,11/7/25,,,https://dph.sc.gov/diseases-conditions/infectious-diseases/measles-rubeola/2025-measles-outbreak,
0,Upstate,South Carolina,-82.32325826,34.77834072,1549634,33,5,28,0,2,31,0,county,0,0,0,33,,,10/31/25,,,https://dph.sc.gov/news/friday-measles-update-dph-increases-measles-case-count-four-37-total-2025-34-related-upstate,
0,Upstate,South Carolina,-82.32325826,34.77834072,1549634,29,5,24,0,2,27,0,county,0,0,0,29,,,10/28/25,,,https://dph.sc.gov/news/tuesday-measles-update-dph-increases-measles-case-count-eight-33-total-2025-30-related-upstate,
0,Upstate,South Carolina,-82.32325826,34.77834072,1549634,21,5,16,0,2,19,0,county,0,0,0,21,,,10/24/25,,,https://dph.sc.gov/news/friday-update-dph-increases-measles-case-count-25-total-2025-22-related-upstate-outbreak,
0,Upstate,South Carolina,-82.32325826,34.77834072,1549634,19,5,14,0,2,17,0,county,0,0,0,19,,,10/21/25,,,https://dph.sc.gov/news/tuesday-measles-update-dph-increases-measles-case-count-four-23-total-2025-20-now-related,
0,Upstate,South Carolina,-82.32325826,34.77834072,1549634,15,5,10,0,2,13,0,county,0,0,0,15,,,10/17/25,,,https://dph.sc.gov/news/friday-update-dph-increases-measles-case-count-19-total-2025-15-related-upstate-outbreak,
0,Upstate,South Carolina,-82.32325826,34.77834072,1549634,14,5,9,0,2,12,0,county,0,0,0,14,,,10/14/25,,,https://dph.sc.gov/news/tuesday-measles-update-dph-increases-measles-case-count-16-total-2025-12-related-upstate,
0,Upstate,South Carolina,-82.32325826,34.77834072,1549634,8,5,3,0,2,6,0,county,0,0,0,8,,,10/7/25,,,https://dph.sc.gov/news/dph-confirms-9th-and-10th-case-measles-spartanburg-county-launches-webpage-update-public,
0,Upstate,South Carolina,-82.32325826,34.77834072,1549634,6,5,1,0,2,4,0,county,0,0,0,6,,,10/2/25,,"The current outbreak in the Upstate involves two cases with no history of travel or identified source of exposure. Subsequent spread to close contacts of these cases occurred marking five new cases, making a total of eight cases of measles in South Carolina in 2025 to date. The outbreak has no known connection with the previous three cases.  ",https://dph.sc.gov/news/dph-confirms-measles-outbreak-upstate-region,
0,Upstate,South Carolina,-82.32325826,34.77834072,1549634,2,1,1,0,2,0,0,county,0,0,0,2,,,9/26/25,,The person is unvaccinated and did not have immunity from a previous measles infection.,https://dph.sc.gov/news/dph-confirms-measles-upstate-resident-fourth-case-measles-south-carolina-2025,
0,Upstate,South Carolina,-82.32325826,34.77834072,1549634,1,1,0,0,1,0,0,county,0,0,0,1,,,9/8/25,,"The person is unvaccinated and did not have immunity from a previous measles infection. They do not have a specific, known exposure to someone with measles, but they did have a recent international trip to a country with an ongoing measles outbreak and were not contagious while traveling. ",https://dph.sc.gov/news/dph-confirms-measles-upstate-resident-third-case-measles-south-carolina-2025,
0,Unknown County,South Carolina,-80.996482,34.022471,5118425,3,0,3,0,0,3,0,county,0,0,0,3,,,11/25/25,,,https://dph.sc.gov/news/tuesday-measles-update-dph-reports-three-new-measles-cases-upstate-bringing-outbreak-total-55,
0,Mid-Cumberland Region,Tennessee,-87.0033,36.2448,2122162,3,0,3,0,2,1,0,county,0,2,1,0,,,9/8/25,,,https://www.tn.gov/health/cedep/reportable-diseases/measles-rubeola.html,
0,Mid-Cumberland Region,Tennessee,-87.0033,36.2448,2122162,2,0,2,0,2,0,0,county,0,2,0,0,,,3/28/25,,,https://www.tn.gov/health/cedep/reportable-diseases/measles-rubeola.html,
0,Mid-Cumberland Region,Tennessee,-87.0033,36.2448,2122162,1,0,1,0,1,0,0,county,0,1,0,0,,,3/17/25,,,https://www.tn.gov/health/cedep/reportable-diseases/measles-rubeola.html,
0,Nashville-Davidson County Region,Tennessee,-86.7816,36.1627,709846,1,0,1,0,1,0,0,county,0,0,1,0,,,11/2/25,,,https://www.tn.gov/health/cedep/reportable-diseases/measles-rubeola.html,
0,Upper Cumberland Region,Tennessee,-85.5394,36.1541,367060,4,0,4,0,4,0,0,county,0,2,2,0,,,4/16/25,,,https://www.tn.gov/health/cedep/reportable-diseases/measles-rubeola.html,
0,Upper Cumberland Region,Tennessee,-85.5394,36.1541,367060,3,0,3,0,3,0,0,county,0,0,0,3,,,4/14/25,,,https://www.tn.gov/health/cedep/reportable-diseases/measles-rubeola.html,
0,Upper Cumberland Region,Tennessee,-85.5394,36.1541,367060,2,0,2,0,2,0,0,county,0,0,0,2,,,3/31/25,,,https://www.tn.gov/health/cedep/reportable-diseases/measles-rubeola.html,
0,Upper Cumberland Region,Tennessee,-85.5394,36.1541,367060,1,0,1,0,1,0,0,county,0,0,0,1,,,3/30/25,,first case in the region,https://www.tn.gov/health/cedep/reportable-diseases/measles-rubeola.html,
48003,Andrews,Texas,-102.6377,32.305,18518,3,0,3,,,,,state,,,,,,,4/25/25,,Added 1 new cases on 2025-04-27,https://www.dshs.texas.gov/news-alerts/measles-outbreak-2025,
48003,Andrews,Texas,-102.6377,32.305,18518,2,0,2,,,,,state,,,,,,,4/15/25,,Added 1 new cases on 2025-04-15,https://www.dshs.texas.gov/news-alerts/measles-outbreak-2025,
48003,Andrews,Texas,-102.6377,32.305,18518,1,,1,,,,,state,,,,,,,3/20/25,,,https://www.dshs.texas.gov/news-alerts/measles-outbreak-2025,
48013,Atascosa,Texas,-98.5272,28.8935,50058,1,0,1,,,,,state,,,,,,,4/25/25,,initial case recorded on 4/25/2025. the case moved to the outbreak reporting section of texas in 5/20/2025,https://www.dshs.texas.gov/news-alerts/measles-outbreak-2025,
48017,Bailey,Texas,-102.8299,34.0686,7044,2,0,2,,,,,state,,,,,,,4/23/25,,Added 2 initial cases on 2025-04-23,https://www.dshs.texas.gov/news-alerts/measles-outbreak-2025,
48027,Bell,Texas,-97.4788,31.0373,379811,1,0,1,0,0,1,0,county,0,0,0,1,,,6/17/25,,,https://www.dshs.texas.gov/news-alerts/measles-outbreak-2025,
48029,Bexar,Texas,-98.52,29.4489,2037344,2,0,2,,,,,state,,,,,,,8/12/25,,,https://www.dshs.texas.gov/news-alerts/measles-outbreak-2025,
48029,Bexar,Texas,-98.52,29.4489,2037344,1,0,1,0,0,1,0,county,0,0,0,1,,,7/1/25,,,https://www.dshs.texas.gov/news-alerts/measles-outbreak-2025,
48033,Borden,Texas,-101.4317,32.7436,723,1,0,1,,,,,state,,,,,,,4/8/25,,Initial report: 1 case(s),https://www.dshs.texas.gov/news-alerts/measles-outbreak-2025,
48039,Brazoria,Texas,-95.4521,29.1898,381650,1,0,1,0,0,1,0,county,0,0,0,1,,,4/18/25,,Added 1 initial cases on 2025-04-18,https://www.dshs.texas.gov/news-alerts/measles-outbreak-2025,
48043,Brewster,Texas,-103.2517,29.8119,9464,1,0,1,,,,,state,,,,,,,5/23/25,,Added 1 initial cases on 2025-05-23,https://www.dshs.texas.gov/news-alerts/measles-outbreak-2025,
48049,Brown,Texas,-98.9998,31.7742,38294,1,0,1,,,,,state,,,,,,,4/4/25,,Added 1 initial cases on 04/04/2025,https://www.dshs.texas.gov/news-alerts/measles-outbreak-2025,
48065,Carson,Texas,-101.3542,35.4035,5802,1,0,1,,,,,state,,,,,,,5/13/25,,Added 1 initial cases on 2025-05-16,https://www.dshs.texas.gov/news-alerts/measles-outbreak-2025,
48079,Cochran,Texas,-102.8285,33.6042,2520,14,0,14,,,,,state,,,,,0.87,0.85-0.90,4/25/25,,Added 2 new cases on 2025-04-27,https://www.dshs.texas.gov/news-alerts/measles-outbreak-2025,
48079,Cochran,Texas,-102.8285,33.6042,2520,12,0,12,,,,,state,,,,,0.87,0.85-0.90,4/15/25,,Added 1 new cases on 2025-04-15,https://www.dshs.texas.gov/news-alerts/measles-outbreak-2025,
48079,Cochran,Texas,-102.8285,33.6042,2520,11,0,11,,,,,state,,,,,0.87,0.85-0.90,4/11/25,,Added 1 new cases on 04/10/2025,https://www.dshs.texas.gov/news-alerts/measles-outbreak-2025,
48079,Cochran,Texas,-102.8285,33.6042,2520,10,0,10,,,,,state,,,,,0.87,0.85-0.90,4/8/25,,1 new case(s) added,https://www.dshs.texas.gov/news-alerts/measles-outbreak-2025,
48079,Cochran,Texas,-102.8285,33.6042,2520,9,0,9,,,,,state,,,,,0.87,0.85-0.90,4/4/25,,Added 1 new cases on 04/04/2025,https://www.dshs.texas.gov/news-alerts/measles-outbreak-2025,
48079,Cochran,Texas,-102.8285,33.6042,2520,8,,8,,,,,state,,,,,0.87,0.85-0.90,3/31/25,,,https://www.dshs.texas.gov/news-alerts/measles-outbreak-2025,
48079,Cochran,Texas,-102.8285,33.6042,2520,8,,8,,,,,state,,,,,0.87,0.85-0.90,3/20/25,,,https://www.dshs.texas.gov/news-alerts/measles-outbreak-2025,
48079,Cochran,Texas,-102.8285,33.6042,2520,7,,7,,,,,state,,,,,0.87,0.85-0.90,3/18/25,,,https://www.fox4news.com/news/texas-measles-cases-outbreak-2025-march-18-update,
48085,Collin,Texas,-96.5724,33.188,1116601,4,0,4,,,,,state,,,,,,,6/3/25,,first outbreak case of the county,https://www.dshs.texas.gov/news-alerts/measles-outbreak-2025,
48085,Collin,Texas,-96.5724,33.188,1116601,3,0,3,0,0,3,0,county,0,0,0,3,,,6/2/25,,first outbreak case of the county,https://www.dshs.texas.gov/news-alerts/measles-outbreak-2025,
48085,Collin,Texas,-96.5724,33.188,1116601,2,0,2,0,0,2,0,county,0,0,0,2,,,5/16/25,,first outbreak case of the county,https://www.dshs.texas.gov/news-alerts/measles-outbreak-2025,
48085,Collin,Texas,-96.5724,33.188,1116601,1,0,1,0,0,1,0,county,0,0,0,1,,,4/25/25,no,This represents the non-outbreak case in the county and should be reevaluated ,https://www.dshs.texas.gov/news-alerts/measles-outbreak-2025,
48111,Dallam,Texas,-102.6022,36.2779,7180,7,,7,,,,,state,,,,,0.89,0.85-0.90,3/31/25,,,https://www.dshs.texas.gov/news-alerts/measles-outbreak-2025,
48111,Dallam,Texas,-102.6022,36.2779,7180,7,,7,,,,,state,,,,,0.89,0.85-0.90,3/20/25,,,https://www.dshs.texas.gov/news-alerts/measles-outbreak-2025,
48111,Dallam,Texas,-102.6022,36.2779,7180,6,,6,,,,,state,,,,,0.89,0.85-0.90,3/18/25,,,https://www.fox4news.com/news/texas-measles-cases-outbreak-2025-march-18-update,
48111,Dallam,Texas,-102.6022,36.2779,7180,4,,4,,,,,state,,,,,0.89,0.85-0.90,2/25/25,,,https://www.dshs.texas.gov/news-alerts/measles-outbreak-2025,
48113,Dallas,Texas,-96.7778,32.7666,2603816,1,0,1,0,0,1,0,county,0,0,0,1,,,6/24/25,,,https://www.dshs.texas.gov/news-alerts/measles-outbreak-2025,
48115,Dawson,Texas,-101.9476,32.7426,12311,26,0,26,,,,,state,,,,,0.88,0.85-0.90,5/2/25,,Added 1 new cases on 2025-05-05,https://www.dshs.texas.gov/news-alerts/measles-outbreak-2025,
48115,Dawson,Texas,-101.9476,32.7426,12311,25,0,25,,,,,state,,,,,0.88,0.85-0.90,4/25/25,,Added 1 new cases on 2025-04-27,https://www.dshs.texas.gov/news-alerts/measles-outbreak-2025,
48115,Dawson,Texas,-101.9476,32.7426,12311,24,0,24,,,,,state,,,,,0.88,0.85-0.90,4/18/25,,Added 3 new cases on 2025-04-18,https://www.dshs.texas.gov/news-alerts/measles-outbreak-2025,
48115,Dawson,Texas,-101.9476,32.7426,12311,21,0,21,,,,,state,,,,,0.88,0.85-0.90,4/11/25,,Added 1 new cases on 04/10/2025,https://www.dshs.texas.gov/news-alerts/measles-outbreak-2025,
48115,Dawson,Texas,-101.9476,32.7426,12311,20,0,20,,,,,state,,,,,0.88,0.85-0.90,4/4/25,,Added 6 new cases on 04/04/2025,https://www.dshs.texas.gov/news-alerts/measles-outbreak-2025,
48115,Dawson,Texas,-101.9476,32.7426,12311,14,,14,,,,,state,,,,,0.88,0.85-0.90,3/20/25,,,https://www.dshs.texas.gov/news-alerts/measles-outbreak-2025,
48115,Dawson,Texas,-101.9476,32.7426,12311,11,,11,,,,,state,,,,,0.88,0.85-0.90,3/18/25,,,https://www.dshs.texas.gov/news-alerts/measles-outbreak-2025,
48115,Dawson,Texas,-101.9476,32.7426,12311,8,,8,,,,,state,,,,,0.88,0.85-0.90,2/28/25,,,https://www.dshs.texas.gov/news-alerts/measles-outbreak-2025,
48115,Dawson,Texas,-101.9476,32.7426,12311,7,,7,,,,,state,,,,,0.88,0.85-0.90,2/25/25,,,https://www.dshs.texas.gov/news-alerts/measles-outbreak-2025,
48115,Dawson,Texas,-101.9476,32.7426,12311,6,,6,,,,,state,,,,,0.88,0.85-0.90,2/21/25,,,https://www.dshs.texas.gov/news-alerts/measles-outbreak-2025,
48121,Denton,Texas,-97.1168,33.2055,945644,2,0,2,0,0,2,0,county,0,0,0,2,,,5/23/25,,Added 1 new cases on 2025-05-23,https://www.dshs.texas.gov/news-alerts/measles-outbreak-2025,
48121,Denton,Texas,-97.1168,33.2055,945644,1,0,1,0,0,1,0,county,0,0,0,1,,,5/2/25,,Added 1 initial cases on 2025-05-05,https://www.dshs.texas.gov/news-alerts/measles-outbreak-2025,
48133,Eastland,Texas,-98.8323,32.3271,17846,2,,2,,,,,state,,,,,,,5/2/25,,,https://www.dshs.texas.gov/news-alerts/measles-outbreak-2025,
48135,Ector,Texas,-102.5429,31.8692,163206,12,0,12,,,,,state,,,,,0.92,0.90-0.95,5/30/25,,Added 1 new cases on 2025-05-05,https://www.dshs.texas.gov/news-alerts/measles-outbreak-2025,
48135,Ector,Texas,-102.5429,31.8692,163206,11,0,11,,,,,state,,,,,0.92,0.90-0.95,5/2/25,,Added 1 new cases on 2025-05-05,https://www.dshs.texas.gov/news-alerts/measles-outbreak-2025,
48135,Ector,Texas,-102.5429,31.8692,163206,10,0,10,,,,,state,,,,,0.92,0.90-0.95,4/23/25,,Added 1 new cases on 2025-04-23,https://www.dshs.texas.gov/news-alerts/measles-outbreak-2025,
48135,Ector,Texas,-102.5429,31.8692,163206,9,0,9,,,,,state,,,,,0.92,0.90-0.95,4/18/25,,Added 1 new cases on 2025-04-18,https://www.dshs.texas.gov/news-alerts/measles-outbreak-2025,
48135,Ector,Texas,-102.5429,31.8692,163206,8,0,8,,,,,state,,,,,0.92,0.90-0.95,4/4/25,,Added 3 new cases on 04/04/2025,https://www.dshs.texas.gov/news-alerts/measles-outbreak-2025,
48135,Ector,Texas,-102.5429,31.8692,163206,5,0,5,,,,,state,,,,,0.92,0.90-0.95,4/2/25,,Added 1 new cases on 04/02/2025,https://www.dshs.texas.gov/news-alerts/measles-outbreak-2025,
48135,Ector,Texas,-102.5429,31.8692,163206,4,,4,,,,,state,,,,,0.92,0.90-0.95,3/20/25,,,https://www.dshs.texas.gov/news-alerts/measles-outbreak-2025,
48135,Ector,Texas,-102.5429,31.8692,163206,2,,2,,,,,state,,,,,0.92,0.90-0.95,2/25/25,,,https://www.dshs.texas.gov/news-alerts/measles-outbreak-2025,
48135,Ector,Texas,-102.5429,31.8692,163206,1,,1,,,,,state,,,,,0.92,0.90-0.95,2/21/25,,,https://www.dshs.texas.gov/news-alerts/measles-outbreak-2025,
48141,El Paso,Texas,-106.2348,31.7686,866275,61,0,61,,,,,state,,,,,,,7/1/25,,,https://www.dshs.texas.gov/news-alerts/measles-outbreak-2025,
48141,El Paso,Texas,-106.2348,31.7686,866275,60,0,60,,,,,state,,,,,,,6/10/25,,Added 2 new non-outbreak cases,https://www.dshs.texas.gov/news-alerts/measles-outbreak-2025,
48141,El Paso,Texas,-106.2348,31.7686,866275,59,0,59,,,,,state,,,,,,,5/30/25,,Added 2 new non-outbreak cases,https://www.dshs.texas.gov/news-alerts/measles-outbreak-2025,
48141,El Paso,Texas,-106.2348,31.7686,866275,57,0,57,,,,,state,,,,,,,5/27/25,,Added 2 new cases on 2025-05-27,https://www.dshs.texas.gov/news-alerts/measles-outbreak-2025,
48141,El Paso,Texas,-106.2348,31.7686,866275,56,0,56,,,,,state,,,,,,,5/23/25,,Added 2 new cases on 2025-05-23,https://www.dshs.texas.gov/news-alerts/measles-outbreak-2025,
48141,El Paso,Texas,-106.2348,31.7686,866275,54,0,54,,,,,state,,,,,,,5/20/25,,Added 2 new cases on 2025-05-20,https://www.dshs.texas.gov/news-alerts/measles-outbreak-2025,
48141,El Paso,Texas,-106.2348,31.7686,866275,52,0,52,,,,,state,,,,,,,5/13/25,,Added 2 new cases on 2025-05-13,https://www.dshs.texas.gov/news-alerts/measles-outbreak-2025,
48141,El Paso,Texas,-106.2348,31.7686,866275,50,0,50,,,,,state,,,,,,,5/9/25,,Added 6 new cases on 2025-05-10,https://www.dshs.texas.gov/news-alerts/measles-outbreak-2025,
48141,El Paso,Texas,-106.2348,31.7686,866275,44,0,44,,,,,state,,,,,,,5/6/25,,Added 6 new cases on 2025-05-06,https://www.dshs.texas.gov/news-alerts/measles-outbreak-2025,
48141,El Paso,Texas,-106.2348,31.7686,866275,38,0,38,,,,,state,,,,,,,5/2/25,,Added 6 new cases on 2025-05-05,https://www.dshs.texas.gov/news-alerts/measles-outbreak-2025,
48141,El Paso,Texas,-106.2348,31.7686,866275,32,0,32,,,,,state,,,,,,,4/29/25,,Added 10 new cases on 2025-05-01,https://www.dshs.texas.gov/news-alerts/measles-outbreak-2025,
48141,El Paso,Texas,-106.2348,31.7686,866275,22,0,22,,,,,state,,,,,,,4/25/25,,Added 2 new cases on 2025-04-27,https://www.dshs.texas.gov/news-alerts/measles-outbreak-2025,
48141,El Paso,Texas,-106.2348,31.7686,866275,20,0,20,,,,,state,,,,,,,4/23/25,,Added 2 new cases on 2025-04-23,https://www.dshs.texas.gov/news-alerts/measles-outbreak-2025,
48141,El Paso,Texas,-106.2348,31.7686,866275,18,0,18,,,,,state,,,,,,,4/18/25,,Added 10 new cases on 2025-04-18,https://www.dshs.texas.gov/news-alerts/measles-outbreak-2025,
48141,El Paso,Texas,-106.2348,31.7686,866275,7,0,7,,,,,state,,,,,,,4/15/25,,Added 2 new cases on 2025-04-15,https://www.dshs.texas.gov/news-alerts/measles-outbreak-2025,
48141,El Paso,Texas,-106.2348,31.7686,866275,3,0,3,,,,,state,,,,,,,4/10/25,,Added 2 new cases on 04/10/2025,https://www.dshs.texas.gov/news-alerts/measles-outbreak-2025,
48141,El Paso,Texas,-106.2348,31.7686,866275,2,0,2,0,0,2,0,county,0,0,0,2,,,4/9/25,,non-outbreak cases,https://www.dshs.texas.gov/news-alerts/measles-outbreak-2025,
48143,Erath,Texas,-98.2179,32.2363,43244,1,,1,,,,,state,,,,,,,3/20/25,,,https://www.dshs.texas.gov/news-alerts/measles-outbreak-2025,
48147,Fannin,Texas,-96.1069,33.5938,36525,4,0,4,,,,,state,,,,,,,7/15/25,,,https://www.dshs.texas.gov/news-alerts/measles-outbreak-2025,
48157,Fort Bend,Texas,-95.7709,29.5275,859721,1,0,1,0,0,1,0,county,0,0,0,1,,,4/2/25,,Added 1 initial cases on 04/02/2025,https://www.dshs.texas.gov/news-alerts/measles-outbreak-2025,
48165,Gaines,Texas,-102.6352,32.7408,21904,414,0,414,,,,,state,,,,,0.93,0.90-0.95,7/1/25,,,https://www.dshs.texas.gov/news-alerts/measles-outbreak-2025,
48165,Gaines,Texas,-102.6352,32.7408,21904,413,0,413,,,,,state,,,,,0.93,0.90-0.95,6/17/25,,Added 2 new cases on 2025-06-3,https://www.dshs.texas.gov/news-alerts/measles-outbreak-2025,
48165,Gaines,Texas,-102.6352,32.7408,21904,411,0,411,,,,,state,,,,,0.93,0.90-0.95,6/3/25,,Added 2 new cases on 2025-06-3,https://www.dshs.texas.gov/news-alerts/measles-outbreak-2025,
48165,Gaines,Texas,-102.6352,32.7408,21904,409,0,409,,,,,state,,,,,0.93,0.90-0.95,5/30/25,,Added 1 new cases on 2025-05-30,https://www.dshs.texas.gov/news-alerts/measles-outbreak-2025,
48165,Gaines,Texas,-102.6352,32.7408,21904,408,0,408,,,,,state,,,,,0.93,0.90-0.95,5/23/25,,Added 2 new cases on 2025-05-23,https://www.dshs.texas.gov/news-alerts/measles-outbreak-2025,
48165,Gaines,Texas,-102.6352,32.7408,21904,406,0,406,,,,,state,,,,,0.93,0.90-0.95,5/16/25,,Added 1 new cases on 2025-05-16,https://www.dshs.texas.gov/news-alerts/measles-outbreak-2025,
48165,Gaines,Texas,-102.6352,32.7408,21904,405,0,405,,,,,state,,,,,0.93,0.90-0.95,5/13/25,,Added 2 new cases on 2025-05-13,https://www.dshs.texas.gov/news-alerts/measles-outbreak-2025,
48165,Gaines,Texas,-102.6352,32.7408,21904,403,0,403,,,,,state,,,,,0.93,0.90-0.95,5/6/25,,Added 7 new cases on 2025-05-06,https://www.dshs.texas.gov/news-alerts/measles-outbreak-2025,
48165,Gaines,Texas,-102.6352,32.7408,21904,396,0,396,,,,,state,,,,,0.93,0.90-0.95,4/29/25,,Added 3 new cases on 2025-05-01,https://www.dshs.texas.gov/news-alerts/measles-outbreak-2025,
48165,Gaines,Texas,-102.6352,32.7408,21904,393,0,393,,,,,state,,,,,0.93,0.90-0.95,4/25/25,,Added 7 new cases on 2025-04-27,https://www.dshs.texas.gov/news-alerts/measles-outbreak-2025,
48165,Gaines,Texas,-102.6352,32.7408,21904,386,0,386,,,,,state,,,,,0.93,0.90-0.95,4/23/25,,Added 15 new cases on 2025-04-23,https://www.dshs.texas.gov/news-alerts/measles-outbreak-2025,
48165,Gaines,Texas,-102.6352,32.7408,21904,371,0,371,,,,,state,,,,,0.93,0.90-0.95,4/18/25,,Added 7 new cases on 2025-04-18,https://www.dshs.texas.gov/news-alerts/measles-outbreak-2025,
48165,Gaines,Texas,-102.6352,32.7408,21904,364,0,364,,,,,state,,,,,0.93,0.90-0.95,4/15/25,,Added 9 new cases on 2025-04-15,https://www.dshs.texas.gov/news-alerts/measles-outbreak-2025,
48165,Gaines,Texas,-102.6352,32.7408,21904,355,0,355,,,,,state,,,,,0.93,0.90-0.95,4/11/25,,Added 27 new cases on 04/10/2025,https://www.dshs.texas.gov/news-alerts/measles-outbreak-2025,
48165,Gaines,Texas,-102.6352,32.7408,21904,328,0,328,,,,,state,,,,,0.93,0.90-0.95,4/8/25,,13 new case(s) added,https://www.dshs.texas.gov/news-alerts/measles-outbreak-2025,
48165,Gaines,Texas,-102.6352,32.7408,21904,315,0,315,,,,,state,,,,,0.93,0.90-0.95,4/4/25,,Added 35 new cases on 04/04/2025,https://www.dshs.texas.gov/news-alerts/measles-outbreak-2025,
48165,Gaines,Texas,-102.6352,32.7408,21904,280,0,280,,,,,state,,,,,0.93,0.90-0.95,4/2/25,,Added 10 new cases on 04/02/2025,https://www.dshs.texas.gov/news-alerts/measles-outbreak-2025,
48165,Gaines,Texas,-102.6352,32.7408,21904,270,,270,,,,,state,,,,,0.93,0.90-0.95,3/20/25,,,https://www.dshs.texas.gov/news-alerts/measles-outbreak-2025,
48165,Gaines,Texas,-102.6352,32.7408,21904,191,,191,,,,,state,,,,,0.93,0.90-0.95,3/18/25,,,https://www.fox4news.com/news/texas-measles-cases-outbreak-2025-march-18-update,
48165,Gaines,Texas,-102.6352,32.7408,21904,156,,156,,,,,state,,,,,0.93,0.90-0.95,3/11/25,,,https://www.dshs.texas.gov/news-alerts/measles-outbreak-2025,
48165,Gaines,Texas,-102.6352,32.7408,21904,107,,107,,,,,state,,,,,0.93,0.90-0.95,3/4/25,,,https://www.dshs.texas.gov/news-alerts/measles-outbreak-2025,
48165,Gaines,Texas,-102.6352,32.7408,21904,98,,98,,,,,state,,,,,0.93,0.90-0.95,2/28/25,,,https://www.dshs.texas.gov/news-alerts/measles-outbreak-2025,
48165,Gaines,Texas,-102.6352,32.7408,21904,80,,80,,,,,state,,,,,0.93,0.90-0.95,2/25/25,,,https://www.dshs.texas.gov/news-alerts/measles-outbreak-2025,
48165,Gaines,Texas,-102.6352,32.7408,21904,57,,57,,,,,state,,,,,0.93,0.90-0.95,2/21/25,,,https://www.dshs.texas.gov/news-alerts/measles-outbreak-2025,
48165,Gaines,Texas,-102.6352,32.7408,21904,45,,45,,,,,state,,,,,0.93,0.90-0.95,2/18/25,,,https://www.dshs.texas.gov/news-alerts/measles-outbreak-2025,
48165,Gaines,Texas,-102.6352,32.7408,21904,42,,42,,,,,state,,,,,0.93,0.90-0.95,2/14/25,,,https://www.dshs.texas.gov/news-alerts/measles-outbreak-2025,
48165,Gaines,Texas,-102.6352,32.7408,21904,24,,24,,,,,state,,,,,0.93,0.90-0.95,2/11/25,,,https://www.dshs.texas.gov/news-alerts/measles-outbreak-2025,
48165,Gaines,Texas,-102.6352,32.7408,21904,6,,6,,,,,state,,,,,0.93,0.90-0.95,2/5/25,,,https://www.dshs.texas.gov/news-alerts/measles-outbreak-2025,
48169,Garza,Texas,-101.2984,33.1799,5435,2,0,2,,,,,state,,,,,0.92,0.90-0.95,4/2/25,,Added 1 new cases on 04/02/2025,https://www.dshs.texas.gov/news-alerts/measles-outbreak-2025,
48169,Garza,Texas,-101.2984,33.1799,5435,1,,1,,,,,state,,,,,0.92,0.90-0.95,3/20/25,,,https://www.dshs.texas.gov/news-alerts/measles-outbreak-2025,
48189,Hale,Texas,-101.8269,34.0705,32247,5,0,5,,,,,state,,,,,0.91,0.90-0.95,4/8/25,,2 new case(s) added,https://www.dshs.texas.gov/news-alerts/measles-outbreak-2025,
48189,Hale,Texas,-101.8269,34.0705,32247,3,0,3,,,,,state,,,,,0.91,0.90-0.95,4/4/25,,Added 2 new cases on 04/04/2025,https://www.dshs.texas.gov/news-alerts/measles-outbreak-2025,
48189,Hale,Texas,-101.8269,34.0705,32247,1,,1,,,,,state,,,,,0.91,0.90-0.95,3/20/25,,,https://www.dshs.texas.gov/news-alerts/measles-outbreak-2025,
48197,Hardeman,Texas,-99.7457,34.2902,3529,1,0,1,,,,,state,,,,,,,5/2/25,,Added 1 initial cases on 2025-05-05,https://www.dshs.texas.gov/news-alerts/measles-outbreak-2025,
48201,Harris,Texas,-95.3938,29.8578,4758579,5,,5,0,0,5,0,county,0,0,0,5,0.84,<0.85,8/7/25,,,https://www.dshs.texas.gov/news-alerts/measles-outbreak-2025,
48201,Harris,Texas,-95.3938,29.8578,4758579,4,,4,0,0,4,0,county,0,0,0,4,0.84,<0.85,7/15/25,,,https://www.dshs.texas.gov/news-alerts/measles-outbreak-2025,
48201,Harris,Texas,-95.3938,29.8578,4758579,3,,3,0,0,3,0,county,0,0,0,3,0.84,<0.85,3/20/25,,,https://www.dshs.texas.gov/news-alerts/measles-outbreak-2025,
48201,Harris,Texas,-95.3938,29.8578,4758579,2,2,0,0,0,2,0,county,0,0,0,2,0.84,<0.85,1/23/25,,,https://www.dshs.texas.gov/news-alerts/measles-outbreak-2025,
48203,Harrison,Texas,-94.3715,32.5481,69584,1,0,1,0,0,1,0,county,0,0,0,1,,,5/20/25,,Added 1 initial cases on 2025-05-20,https://www.dshs.texas.gov/news-alerts/measles-outbreak-2025,
48209,Hays,Texas,-98.0312,30.0579,256429,1,0,1,0,0,1,0,county,0,0,0,1,,,5/23/25,,Added 1 initial cases on 2025-05-23,https://www.dshs.texas.gov/news-alerts/measles-outbreak-2025,
48219,Hockley,Texas,-102.3432,33.6076,21455,7,0,7,,,,,state,,,,,0.87,0.85-0.90,8/7/25,,Added 1 new cases on 2025-05-05,https://www.dshs.texas.gov/news-alerts/measles-outbreak-2025,
48219,Hockley,Texas,-102.3432,33.6076,21455,6,0,6,,,,,state,,,,,0.87,0.85-0.90,5/2/25,,Added 1 new cases on 2025-05-05,https://www.dshs.texas.gov/news-alerts/measles-outbreak-2025,
48219,Hockley,Texas,-102.3432,33.6076,21455,5,0,5,,,,,state,,,,,0.87,0.85-0.90,4/18/25,,Added 2 new cases on 2025-04-18,https://www.dshs.texas.gov/news-alerts/measles-outbreak-2025,
48219,Hockley,Texas,-102.3432,33.6076,21455,3,0,3,,,,,state,,,,,0.87,0.85-0.90,4/4/25,,Added 1 new cases on 04/04/2025,https://www.dshs.texas.gov/news-alerts/measles-outbreak-2025,
48219,Hockley,Texas,-102.3432,33.6076,21455,2,0,2,,,,,state,,,,,0.87,0.85-0.90,4/2/25,,Added 1 new cases on 04/02/2025,https://www.dshs.texas.gov/news-alerts/measles-outbreak-2025,
48219,Hockley,Texas,-102.3432,33.6076,21455,2,,2,,,,,state,,,,,0.87,0.85-0.90,3/31/25,,,https://www.dshs.texas.gov/news-alerts/measles-outbreak-2025,
48219,Hockley,Texas,-102.3432,33.6076,21455,1,,1,,,,,state,,,,,0.87,0.85-0.90,3/20/25,,,https://www.dshs.texas.gov/news-alerts/measles-outbreak-2025,
48277,Lamar,Texas,-95.5712,33.6673,50421,28,0,28,,,,,state,,,,,0.95,,7/8/25,,,https://www.dshs.texas.gov/news-alerts/measles-outbreak-2025,
48277,Lamar,Texas,-95.5712,33.6673,50421,26,0,26,,,,,state,,,,,0.95,,7/1/25,,,https://www.dshs.texas.gov/news-alerts/measles-outbreak-2025,
48277,Lamar,Texas,-95.5712,33.6673,50421,23,0,23,,,,,state,,,,,0.95,,6/17/25,,,https://www.dshs.texas.gov/news-alerts/measles-outbreak-2025,
48277,Lamar,Texas,-95.5712,33.6673,50421,21,0,21,,,,,state,,,,,0.95,,6/3/25,,,https://www.dshs.texas.gov/news-alerts/measles-outbreak-2025,
48277,Lamar,Texas,-95.5712,33.6673,50421,20,0,20,,,,,state,,,,,0.95,,5/23/25,,,https://www.dshs.texas.gov/news-alerts/measles-outbreak-2025,
48277,Lamar,Texas,-95.5712,33.6673,50421,19,0,19,,,,,state,,,,,0.95,,5/9/25,,Added 1 new cases on 2025-05-10,https://www.dshs.texas.gov/news-alerts/measles-outbreak-2025,
48277,Lamar,Texas,-95.5712,33.6673,50421,18,0,18,,,,,state,,,,,0.95,,5/6/25,,Added 1 new cases on 2025-05-06,https://www.dshs.texas.gov/news-alerts/measles-outbreak-2025,
48277,Lamar,Texas,-95.5712,33.6673,50421,17,0,17,,,,,state,,,,,0.95,,4/29/25,,Added 3 new cases on 2025-05-01,https://www.dshs.texas.gov/news-alerts/measles-outbreak-2025,
48277,Lamar,Texas,-95.5712,33.6673,50421,14,0,14,,,,,state,,,,,0.95,,4/25/25,,Added 3 new cases on 2025-04-27,https://www.dshs.texas.gov/news-alerts/measles-outbreak-2025,
48277,Lamar,Texas,-95.5712,33.6673,50421,11,0,11,,,,,state,,,,,0.95,,4/4/25,,Added 1 new cases on 04/04/2025,https://www.dshs.texas.gov/news-alerts/measles-outbreak-2025,
48277,Lamar,Texas,-95.5712,33.6673,50421,10,,10,,,,,state,,,,,0.95,,3/20/25,,,https://www.dshs.texas.gov/news-alerts/measles-outbreak-2025,
48279,Lamb,Texas,-102.3517,34.0686,12919,1,,1,,,,,state,,,,,,,3/20/25,,,https://www.dshs.texas.gov/news-alerts/measles-outbreak-2025,
48303,Lubbock,Texas,-101.8205,33.6102,314633,52,0,52,,,,,state,,,,,0.85,0.85-0.90,5/13/25,,Added 1 new cases on 2025-05-13,https://www.dshs.texas.gov/news-alerts/measles-outbreak-2025,
48303,Lubbock,Texas,-101.8205,33.6102,314633,51,0,51,,,,,state,,,,,0.85,0.85-0.90,5/6/25,,Added 1 new cases on 2025-05-06,https://www.dshs.texas.gov/news-alerts/measles-outbreak-2025,
48303,Lubbock,Texas,-101.8205,33.6102,314633,50,0,50,,,,,state,,,,,0.85,0.85-0.90,5/2/25,,Added 2 new cases on 2025-05-05,https://www.dshs.texas.gov/news-alerts/measles-outbreak-2025,
48303,Lubbock,Texas,-101.8205,33.6102,314633,48,0,48,,,,,state,,,,,0.85,0.85-0.90,4/29/25,,Added 1 new cases on 2025-05-01,https://www.dshs.texas.gov/news-alerts/measles-outbreak-2025,
48303,Lubbock,Texas,-101.8205,33.6102,314633,47,0,47,,,,,state,,,,,0.85,0.85-0.90,4/23/25,,Added 5 new cases on 2025-04-23,https://www.dshs.texas.gov/news-alerts/measles-outbreak-2025,
48303,Lubbock,Texas,-101.8205,33.6102,314633,42,0,42,,,,,state,,,,,0.85,0.85-0.90,4/18/25,,Added 1 new cases on 2025-04-18,https://www.dshs.texas.gov/news-alerts/measles-outbreak-2025,
48303,Lubbock,Texas,-101.8205,33.6102,314633,41,0,41,,,,,state,,,,,0.85,0.85-0.90,4/15/25,,Added 3 new cases on 2025-04-15,https://www.dshs.texas.gov/news-alerts/measles-outbreak-2025,
48303,Lubbock,Texas,-101.8205,33.6102,314633,38,0,38,,,,,state,,,,,0.85,0.85-0.90,4/11/25,,Added 2 new cases on 04/10/2025,https://www.dshs.texas.gov/news-alerts/measles-outbreak-2025,
48303,Lubbock,Texas,-101.8205,33.6102,314633,36,0,36,,,,,state,,,,,0.85,0.85-0.90,4/8/25,,3 new case(s) added,https://www.dshs.texas.gov/news-alerts/measles-outbreak-2025,
48303,Lubbock,Texas,-101.8205,33.6102,314633,33,0,33,,,,,state,,,,,0.85,0.85-0.90,4/4/25,,Added 6 new cases on 04/04/2025,https://www.dshs.texas.gov/news-alerts/measles-outbreak-2025,
48303,Lubbock,Texas,-101.8205,33.6102,314633,27,0,27,,,,,state,,,,,0.85,0.85-0.90,4/2/25,,Added 4 new cases on 04/02/2025,https://www.dshs.texas.gov/news-alerts/measles-outbreak-2025,
48303,Lubbock,Texas,-101.8205,33.6102,314633,23,,23,,,,,state,,,,,0.85,0.85-0.90,3/31/25,,,https://www.dshs.texas.gov/news-alerts/measles-outbreak-2025,
48303,Lubbock,Texas,-101.8205,33.6102,314633,23,,23,,,,,state,,,,,0.85,0.85-0.90,3/20/25,,,https://www.dshs.texas.gov/news-alerts/measles-outbreak-2025,
48303,Lubbock,Texas,-101.8205,33.6102,314633,5,,5,,,,,state,,,,,0.85,0.85-0.90,3/18/25,,,https://www.dshs.texas.gov/news-alerts/measles-outbreak-2025,https://www.fox4news.com/news/texas-measles-cases-outbreak-2025-march-18-update
48303,Lubbock,Texas,-101.8205,33.6102,314633,2,,2,,,,,state,,,,,0.85,0.85-0.90,2/28/25,,,https://www.dshs.texas.gov/news-alerts/measles-outbreak-2025,
48303,Lubbock,Texas,-101.8205,33.6102,314633,1,,1,,,,,state,,,,,0.85,0.85-0.90,2/18/25,,,https://www.dshs.texas.gov/news-alerts/measles-outbreak-2025,https://www.contagionlive.com/view/measles-outbreak-in-texas-expands-to-58-cases-hospitalizations-increase
48305,Lynn,Texas,-101.8161,33.1768,5667,2,0,2,,,,,state,,,,,0.87,0.85-0.90,2/28/25,,Added 1 new cases on 04/04/2025,https://www.dshs.texas.gov/news-alerts/measles-outbreak-2025,
48305,Lynn,Texas,-101.8161,33.1768,5667,1,0,1,,,,,state,,,,,0.87,0.85-0.90,2/14/25,,Added 1 new cases on 04/04/2025,https://www.dshs.texas.gov/news-alerts/measles-outbreak-2025,https://www.contagionlive.com/view/measles-outbreak-in-texas-expands-to-58-cases-hospitalizations-increase
48317,Martin,Texas,-101.9513,32.306,5230,3,,3,,,,,state,,,,,0.9,0.90-0.95,2/25/25,,,https://www.dshs.texas.gov/news-alerts/measles-outbreak-2025,
48309,McLennan,Texas,-97.2018,31.5524,263608,9,0,9,,,,,state,,,,,,,6/17/25,,Added 7 new cases on 2025-05-30,https://www.dshs.texas.gov/news-alerts/measles-outbreak-2025,
48309,McLennan,Texas,-97.2018,31.5524,263608,8,0,8,,,,,state,,,,,,,5/30/25,,Added 7 new cases on 2025-05-30,https://www.dshs.texas.gov/news-alerts/measles-outbreak-2025,
48309,McLennan,Texas,-97.2018,31.5524,263608,1,0,1,,,,,state,,,,,,,5/23/25,,Added 1 initial cases on 2025-05-23,https://www.dshs.texas.gov/news-alerts/measles-outbreak-2025,
48329,Midland,Texas,-102.0316,31.8691,171496,7,0,7,,,,,state,,,,,0.95,0.90-0.95,8/7/25,,,https://www.dshs.texas.gov/news-alerts/measles-outbreak-2025,
48329,Midland,Texas,-102.0316,31.8691,171496,6,0,6,,,,,state,,,,,0.95,0.90-0.95,6/10/25,,,https://www.dshs.texas.gov/news-alerts/measles-outbreak-2025,
48329,Midland,Texas,-102.0316,31.8691,171496,5,0,5,,,,,state,,,,,0.95,0.90-0.95,5/23/25,,Added 2 new cases on 2025-05-23,https://www.dshs.texas.gov/news-alerts/measles-outbreak-2025,
48329,Midland,Texas,-102.0316,31.8691,171496,3,0,3,,,,,state,,,,,0.95,0.90-0.95,4/23/25,,Added 1 new cases on 2025-04-23,https://www.dshs.texas.gov/news-alerts/measles-outbreak-2025,
48329,Midland,Texas,-102.0316,31.8691,171496,2,0,2,,,,,state,,,,,0.95,0.90-0.95,4/15/25,,Added 1 new cases on 2025-04-15,https://www.dshs.texas.gov/news-alerts/measles-outbreak-2025,
48329,Midland,Texas,-102.0316,31.8691,171496,1,,1,0,0,1,0,county,0,0,0,1,0.95,0.90-0.95,3/20/25,,,https://www.dshs.texas.gov/news-alerts/measles-outbreak-2025,
48369,Parmer,Texas,-102.7845,34.5301,9752,5,0,5,,,,,state,,,,,,,5/6/25,,Added 1 new cases on 2025-05-06,https://www.dshs.texas.gov/news-alerts/measles-outbreak-2025,
48369,Parmer,Texas,-102.7845,34.5301,9752,4,0,4,,,,,state,,,,,,,4/18/25,,Added 4 initial cases on 2025-04-18,https://www.dshs.texas.gov/news-alerts/measles-outbreak-2025,
48375,Potter,Texas,-101.8939,35.4013,116634,1,0,1,,,,,state,,,,,,,4/18/25,,Added 1 initial cases on 2025-04-18,https://www.dshs.texas.gov/news-alerts/measles-outbreak-2025,
48381,Randall,Texas,-101.897,34.9659,143791,3,0,3,,,,,state,,,,,,,5/23/25,,,https://www.dshs.texas.gov/news-alerts/measles-outbreak-2025,
48381,Randall,Texas,-101.897,34.9659,143791,2,0,2,0,0,2,0,county,0,0,0,2,,,5/20/25,,one non-outbreak case currently tracking,https://www.dshs.texas.gov/news-alerts/measles-outbreak-2025,
48381,Randall,Texas,-101.897,34.9659,143791,1,0,1,,,,,state,,,,,,,4/8/25,,Initial report: 1 case(s),https://www.dshs.texas.gov/news-alerts/measles-outbreak-2025,
48379,Rains,Texas,-95.7934,32.8703,12505,1,1,0,0,0,1,0,county,0,0,1,0,,,9/4/25,,"NET Health received confirmation of a travel-related positive case of measles in an adult resident of Rains County, Texas. The individual has voluntarily remained isolated at their
residence throughout their contagious period and has recovered from their case of measles.",https://www.co.rains.tx.us,
48389,Reeves,Texas,-103.693,31.323,13219,2,0,2,,,,,state,,,,,,,5/30/25,,,https://www.dshs.texas.gov/news-alerts/measles-outbreak-2025,
48389,Reeves,Texas,-103.693,31.323,13219,1,0,1,,,,,state,,,,,,,4/15/25,,Added 1 initial cases on 2025-04-15,https://www.dshs.texas.gov/news-alerts/measles-outbreak-2025,
48397,Rockwall,Texas,-96.4079,32.8978,116931,2,0,2,,,,,state,,,,,0.96,,4/23/25,,Added 1 new cases on 2025-04-23,https://www.dshs.texas.gov/news-alerts/measles-outbreak-2025,
48397,Rockwall,Texas,-96.4079,32.8978,116931,1,,1,0,0,1,0,county,0,0,0,1,0.96,,3/20/25,no,,https://www.dshs.texas.gov/news-alerts/measles-outbreak-2025,
48415,Scurry,Texas,-100.9164,32.7463,16633,1,0,1,0,0,1,0,county,0,0,0,1,,,5/23/25,,Added 1 initial cases on 2025-05-23,https://www.dshs.texas.gov/news-alerts/measles-outbreak-2025,
48417,Shackelford,Texas,-99.354,32.7359,3169,1,0,1,0,0,1,0,county,0,0,0,1,,,4/29/25,,Added 1 initial cases on 2025-05-01,https://www.dshs.texas.gov/news-alerts/measles-outbreak-2025,
48439,Tarrant,Texas,-97.2911,32.7719,2135743,4,0,4,,0,4,0,county,0,0,0,4,,,5/27/25,,Added 2 new cases non-oubreak,https://www.dshs.texas.gov/news-alerts/measles-outbreak-2025,
48439,Tarrant,Texas,-97.2911,32.7719,2135743,2,0,2,,0,2,0,county,0,0,0,2,,,5/6/25,,Added 2 initial cases on 2025-05-06,https://www.dshs.texas.gov/news-alerts/measles-outbreak-2025,
48445,Terry,Texas,-102.3352,33.1738,11699,60,0,60,,,,,state,,,,,0.88,0.85-0.90,5/6/25,,Added 1 new cases on 2025-05-06,https://www.dshs.texas.gov/news-alerts/measles-outbreak-2025,
48445,Terry,Texas,-102.3352,33.1738,11699,59,0,59,,,,,state,,,,,0.88,0.85-0.90,4/25/25,,Added 5 new cases on 2025-04-27,https://www.dshs.texas.gov/news-alerts/measles-outbreak-2025,
48445,Terry,Texas,-102.3352,33.1738,11699,54,0,54,,,,,state,,,,,0.88,0.85-0.90,4/23/25,,Added 2 new cases on 2025-04-23,https://www.dshs.texas.gov/news-alerts/measles-outbreak-2025,
48445,Terry,Texas,-102.3352,33.1738,11699,52,0,52,,,,,state,,,,,0.88,0.85-0.90,4/18/25,,Added 5 new cases on 2025-04-18,https://www.dshs.texas.gov/news-alerts/measles-outbreak-2025,
48445,Terry,Texas,-102.3352,33.1738,11699,47,0,47,,,,,state,,,,,0.88,0.85-0.90,4/11/25,,Added 1 new cases on 04/10/2025,https://www.dshs.texas.gov/news-alerts/measles-outbreak-2025,
48445,Terry,Texas,-102.3352,33.1738,11699,46,0,46,,,,,state,,,,,0.88,0.85-0.90,4/8/25,,3 new case(s) added,https://www.dshs.texas.gov/news-alerts/measles-outbreak-2025,
48445,Terry,Texas,-102.3352,33.1738,11699,43,0,43,,,,,state,,,,,0.88,0.85-0.90,4/4/25,,Added 2 new cases on 04/04/2025,https://www.dshs.texas.gov/news-alerts/measles-outbreak-2025,
48445,Terry,Texas,-102.3352,33.1738,11699,41,0,41,,,,,state,,,,,0.88,0.85-0.90,4/2/25,,Added 3 new cases on 04/02/2025,https://www.dshs.texas.gov/news-alerts/measles-outbreak-2025,
48445,Terry,Texas,-102.3352,33.1738,11699,38,,38,,,,,state,,,,,0.88,0.85-0.90,3/20/25,,,https://www.dshs.texas.gov/news-alerts/measles-outbreak-2025,
48445,Terry,Texas,-102.3352,33.1738,11699,36,,36,,,,,state,,,,,0.88,0.85-0.90,3/18/25,,,https://www.dshs.texas.gov/news-alerts/measles-outbreak-2025,https://www.fox4news.com/news/texas-measles-cases-outbreak-2025-march-18-update
48445,Terry,Texas,-102.3352,33.1738,11699,21,,21,,,,,state,,,,,0.88,0.85-0.90,2/25/25,,,https://www.dshs.texas.gov/news-alerts/measles-outbreak-2025,https://www.fox4news.com/news/texas-measles-outbreak-2025-124-cases-identified
48445,Terry,Texas,-102.3352,33.1738,11699,20,,20,,,,,state,,,,,0.88,0.85-0.90,2/21/25,,,https://www.dshs.texas.gov/news-alerts/measles-outbreak-2025,https://www.fox4news.com/news/texas-measles-outbreak-2025-124-cases-identified
48445,Terry,Texas,-102.3352,33.1738,11699,9,,9,,,,,state,,,,,0.88,0.85-0.90,2/18/25,,,https://www.dshs.texas.gov/news-alerts/measles-outbreak-2025,https://www.contagionlive.com/view/measles-outbreak-in-texas-expands-to-58-cases-hospitalizations-increase
48445,Terry,Texas,-102.3352,33.1738,11699,3,,3,,,,,state,,,,,0.88,0.85-0.90,2/14/25,,,https://www.dshs.texas.gov/news-alerts/measles-outbreak-2025,https://www.contagionlive.com/view/measles-outbreak-in-texas-expands-to-58-cases-hospitalizations-increase
48453,Travis,Texas,-97.782,30.3344,1307625,2,0,2,0,0,2,0,county,0,0,0,2,0.93,0.90-0.95,5/2/25,,Added 1 new cases on 2025-05-05,https://www.dshs.texas.gov/news-alerts/measles-outbreak-2025,
48453,Travis,Texas,-97.782,30.3344,1307625,1,,1,0,0,1,0,county,0,0,0,1,0.93,0.90-0.95,3/20/25,,,https://www.dshs.texas.gov/news-alerts/measles-outbreak-2025,
48459,Upshur,Texas,-94.9415,32.7363,41864,5,0,5,,,,,state,,,,,,,5/2/25,,Moved to the outbreak cases and case numbers corrected,https://www.dshs.texas.gov/news-alerts/measles-outbreak-2025,
48459,Upshur,Texas,-94.9415,32.7363,41864,2,0,2,,,,,state,,,,,,,4/25/25,,cases backtracked and moved to the outbreak,https://www.dshs.texas.gov/news-alerts/measles-outbreak-2025,
48459,Upshur,Texas,-94.9415,32.7363,41864,1,0,1,,,,,state,,,,,,,4/18/25,,,https://www.dshs.texas.gov/news-alerts/measles-outbreak-2025,
48491,Williamson,Texas,-97.6004,30.6475,643889,8,0,8,0,0,8,0,county,0,0,0,8,,,8/7/25,,6 non outbreak cases,https://www.dshs.texas.gov/news-alerts/measles-outbreak-2025,
48491,Williamson,Texas,-97.6004,30.6475,643889,6,0,6,0,0,6,0,county,0,0,0,6,,,5/30/25,,6 non outbreak cases,https://www.dshs.texas.gov/news-alerts/measles-outbreak-2025,
48501,Yoakum,Texas,-102.8278,33.173,7589,20,0,20,,,,,state,,,,,0.86,0.85-0.90,5/6/25,,Added 1 new cases on 2025-05-06,https://www.dshs.texas.gov/news-alerts/measles-outbreak-2025,
48501,Yoakum,Texas,-102.8278,33.173,7589,19,0,19,,,,,state,,,,,0.86,0.85-0.90,4/18/25,,Added 1 new cases on 2025-04-18,https://www.dshs.texas.gov/news-alerts/measles-outbreak-2025,
48501,Yoakum,Texas,-102.8278,33.173,7589,18,0,18,,,,,state,,,,,0.86,0.85-0.90,4/11/25,,Added 1 new cases on 04/10/2025,https://www.dshs.texas.gov/news-alerts/measles-outbreak-2025,
48501,Yoakum,Texas,-102.8278,33.173,7589,17,0,17,,,,,state,,,,,0.86,0.85-0.90,4/4/25,,Added 1 new cases on 04/04/2025,https://www.dshs.texas.gov/news-alerts/measles-outbreak-2025,
48501,Yoakum,Texas,-102.8278,33.173,7589,16,0,16,,,,,state,,,,,0.86,0.85-0.90,4/2/25,,Added 1 new cases on 04/02/2025,https://www.dshs.texas.gov/news-alerts/measles-outbreak-2025,
48501,Yoakum,Texas,-102.8278,33.173,7589,15,,15,,,,,state,,,,,0.86,0.85-0.90,3/20/25,,,https://www.dshs.texas.gov/news-alerts/measles-outbreak-2025,
48501,Yoakum,Texas,-102.8278,33.173,7589,11,0,11,,,,,state,,,,,0.86,0.85-0.90,3/18/25,,Added 1 new cases on 04/02/2025,https://www.dshs.texas.gov/news-alerts/measles-outbreak-2025,https://www.fox4news.com/news/texas-measles-cases-outbreak-2025-march-18-update
48501,Yoakum,Texas,-102.8278,33.173,7589,6,,6,,,,,state,,,,,0.86,0.85-0.90,2/28/25,,,https://www.dshs.texas.gov/news-alerts/measles-outbreak-2025,
48501,Yoakum,Texas,-102.8278,33.173,7589,5,,5,,,,,state,,,,,0.86,0.85-0.90,2/25/25,,,https://www.dshs.texas.gov/news-alerts/measles-outbreak-2025,https://www.fox4news.com/news/texas-measles-outbreak-2025-124-cases-identified
48501,Yoakum,Texas,-102.8278,33.173,7589,4,,4,,,,,state,,,,,0.86,0.85-0.90,2/21/25,,,https://www.dshs.texas.gov/news-alerts/measles-outbreak-2025,https://www.fox4news.com/news/texas-measles-outbreak-2025-124-cases-identified
48501,Yoakum,Texas,-102.8278,33.173,7589,2,,2,,,,,state,,,,,0.86,0.85-0.90,2/14/25,,,https://www.dshs.texas.gov/news-alerts/measles-outbreak-2025,https://www.contagionlive.com/view/measles-outbreak-in-texas-expands-to-58-cases-hospitalizations-increase
48,Unknown County,Texas,-97.328656,30.909581,29145505,1,0,1,0,0,1,0,county,0,0,0,1,,,10/30/25,,,https://www.dshs.texas.gov/news-alerts/measles-outbreak-2025,
0,Bear River,Utah,-112.1381,41.661,199344,4,0,4,0,4,0,0,county,0,3,0,1,,,9/25/25,,,https://files.epi.utah.gov/Utah%20measles%20dashboard.html,
0,Bear River,Utah,-112.1381,41.661,199344,1,0,1,0,1,0,0,county,0,0,0,1,,,9/22/25,,,https://files.epi.utah.gov/Utah%20measles%20dashboard.html,
0,Central,Utah,-111.948021,40.385835,3271616,5,0,5,0,0,5,0,county,0,0,0,3,,,1/6/26,,,https://files.epi.utah.gov/Utah%20measles%20dashboard.html,
0,Central,Utah,-111.948021,40.385835,3271616,3,0,3,0,0,3,0,county,0,0,0,3,,,12/16/25,,,https://files.epi.utah.gov/Utah%20measles%20dashboard.html,
0,Central,Utah,-111.948021,40.385835,3271616,2,0,2,0,0,2,0,county,0,0,0,2,,,11/18/25,,,https://files.epi.utah.gov/Utah%20measles%20dashboard.html,
49011,Davis,Utah,-112.1115,40.99,366742,2,0,2,0,0,2,0,county,0,0,0,2,,,12/9/25,,,https://files.epi.utah.gov/Utah%20measles%20dashboard.html,
49011,Davis,Utah,-112.1115,40.99,366742,1,0,1,0,0,1,0,county,0,0,0,1,,,12/2/25,,,https://files.epi.utah.gov/Utah%20measles%20dashboard.html,
49035,Salt Lake,Utah,-111.9236,40.6673,1184689,18,0,18,0,0,18,0,county,0,0,0,18,,,1/27/26,,,https://files.epi.utah.gov/Utah%20measles%20dashboard.html,
49035,Salt Lake,Utah,-111.9236,40.6673,1184689,8,0,8,0,0,8,0,county,0,0,0,8,,,1/20/26,,,https://files.epi.utah.gov/Utah%20measles%20dashboard.html,
49035,Salt Lake,Utah,-111.9236,40.6673,1184689,6,0,6,0,0,6,0,county,0,0,0,6,,,1/13/26,,,https://files.epi.utah.gov/Utah%20measles%20dashboard.html,
49035,Salt Lake,Utah,-111.9236,40.6673,1184689,5,0,5,0,0,5,0,county,0,0,0,5,,,12/30/25,,,https://files.epi.utah.gov/Utah%20measles%20dashboard.html,
49035,Salt Lake,Utah,-111.9236,40.6673,1184689,4,0,4,0,0,4,0,county,0,0,0,4,,,12/23/25,,,https://files.epi.utah.gov/Utah%20measles%20dashboard.html,
49035,Salt Lake,Utah,-111.9236,40.6673,1184689,3,0,3,0,0,3,0,county,0,0,0,3,,,12/9/25,,,https://files.epi.utah.gov/Utah%20measles%20dashboard.html,
49035,Salt Lake,Utah,-111.9236,40.6673,1184689,2,0,2,0,0,2,0,county,0,0,0,2,,,11/25/25,,,https://files.epi.utah.gov/Utah%20measles%20dashboard.html,
49035,Salt Lake,Utah,-111.9236,40.6673,1184689,1,0,1,0,0,1,0,county,0,0,0,1,,,11/18/25,,,https://files.epi.utah.gov/Utah%20measles%20dashboard.html,
0,Southeast Health District,Utah,-110.3702,39.3252,"40,111",3,0,3,0,2,1,0,county,0,0,0,3,,,9/11/25,,,https://files.epi.utah.gov/Utah%20measles%20dashboard.html,
0,Southeast Health District,Utah,-110.3702,39.3252,"40,111",1,0,1,0,0,1,0,county,0,0,0,1,,,9/8/25,,,https://files.epi.utah.gov/Utah%20measles%20dashboard.html,
0,Southwest Health District,Utah,-113.3625,37.449,"270,366",158,0,158,5,51,84,18,county,0,6,4,148,,,1/27/26,,,https://files.epi.utah.gov/Utah%20measles%20dashboard.html,
0,Southwest Health District,Utah,-113.3625,37.449,"270,366",154,0,154,5,51,80,18,county,0,6,4,144,,,1/20/26,,,https://files.epi.utah.gov/Utah%20measles%20dashboard.html,
0,Southwest Health District,Utah,-113.3625,37.449,"270,366",147,0,147,5,51,73,18,county,0,6,4,137,,,1/13/26,,,https://files.epi.utah.gov/Utah%20measles%20dashboard.html,
0,Southwest Health District,Utah,-113.3625,37.449,"270,366",129,0,129,5,51,55,18,county,0,6,4,119,,,1/6/26,,,https://files.epi.utah.gov/Utah%20measles%20dashboard.html,
0,Southwest Health District,Utah,-113.3625,37.449,"270,366",114,0,114,5,51,40,18,county,0,6,4,104,,,12/30/25,,,https://files.epi.utah.gov/Utah%20measles%20dashboard.html,
0,Southwest Health District,Utah,-113.3625,37.449,"270,366",101,0,101,5,51,27,18,county,0,6,4,91,,,12/23/25,,,https://files.epi.utah.gov/Utah%20measles%20dashboard.html,
0,Southwest Health District,Utah,-113.3625,37.449,"270,366",91,0,91,5,51,17,18,county,0,6,4,81,,,12/16/25,,,https://files.epi.utah.gov/Utah%20measles%20dashboard.html,
0,Southwest Health District,Utah,-113.3625,37.449,"270,366",82,0,82,5,51,8,18,county,0,6,4,72,,,12/9/25,,,https://files.epi.utah.gov/Utah%20measles%20dashboard.html,
0,Southwest Health District,Utah,-113.3625,37.449,"270,366",76,0,76,5,51,2,18,county,0,6,4,66,,,12/2/25,,,https://files.epi.utah.gov/Utah%20measles%20dashboard.html,
0,Southwest Health District,Utah,-113.3625,37.449,"270,366",74,0,74,5,49,2,18,county,0,6,4,64,,,11/25/25,,,https://files.epi.utah.gov/Utah%20measles%20dashboard.html,
0,Southwest Health District,Utah,-113.3625,37.449,"270,366",68,0,68,5,43,2,18,county,0,6,4,58,,,11/18/25,,,https://files.epi.utah.gov/Utah%20measles%20dashboard.html,
0,Southwest Health District,Utah,-113.3625,37.449,"270,366",58,0,58,5,43,2,8,county,0,6,4,48,,,11/14/25,,,https://files.epi.utah.gov/Utah%20measles%20dashboard.html,
0,Southwest Health District,Utah,-113.3625,37.449,"270,366",51,0,51,5,36,2,8,county,0,6,4,41,,,11/4/25,,,https://files.epi.utah.gov/Utah%20measles%20dashboard.html,
0,Southwest Health District,Utah,-113.3625,37.449,"270,366",49,0,49,5,34,2,8,county,0,6,4,39,,,10/31/25,,,https://files.epi.utah.gov/Utah%20measles%20dashboard.html,
0,Southwest Health District,Utah,-113.3625,37.449,"270,366",44,0,44,0,34,2,8,county,0,6,4,34,,,10/23/25,,,https://files.epi.utah.gov/Utah%20measles%20dashboard.html,
0,Southwest Health District,Utah,-113.3625,37.449,"270,366",43,0,43,0,33,2,8,county,0,6,4,33,,,10/16/25,,,https://files.epi.utah.gov/Utah%20measles%20dashboard.html,
0,Southwest Health District,Utah,-113.3625,37.449,"270,366",40,0,40,0,30,2,8,county,0,6,4,30,,,10/9/25,,,https://files.epi.utah.gov/Utah%20measles%20dashboard.html,
0,Southwest Health District,Utah,-113.3625,37.449,"270,366",33,0,33,0,23,2,8,county,0,6,4,23,,,10/3/25,,,https://files.epi.utah.gov/Utah%20measles%20dashboard.html,
0,Southwest Health District,Utah,-113.3625,37.449,"270,366",30,0,30,0,20,2,8,county,0,6,4,20,,,9/25/25,,,https://files.epi.utah.gov/Utah%20measles%20dashboard.html,
0,Southwest Health District,Utah,-113.3625,37.449,"270,366",25,0,25,0,20,2,3,county,0,6,4,15,,,9/22/25,,,https://files.epi.utah.gov/Utah%20measles%20dashboard.html,
0,Southwest Health District,Utah,-113.3625,37.449,"270,366",21,0,21,0,16,2,3,county,0,6,4,11,,,9/16/25,,,https://files.epi.utah.gov/Utah%20measles%20dashboard.html,
0,Southwest Health District,Utah,-113.3625,37.449,"270,366",20,0,20,0,16,1,3,county,0,6,4,10,,,9/12/25,,,https://files.epi.utah.gov/Utah%20measles%20dashboard.html,
0,Southwest Health District,Utah,-113.3625,37.449,"270,366",15,0,15,0,14,1,0,county,0,6,4,5,,,9/11/25,,,https://files.epi.utah.gov/Utah%20measles%20dashboard.html,
0,Southwest Health District,Utah,-113.3625,37.449,"270,366",14,0,14,0,14,0,0,county,0,6,4,4,,,9/8/25,,,https://files.epi.utah.gov/Utah%20measles%20dashboard.html,
0,Southwest Health District,Utah,-113.3625,37.449,"270,366",10,0,10,0,10,0,0,county,0,6,4,0,,,9/4/25,,,https://files.epi.utah.gov/Utah%20measles%20dashboard.html,
0,Southwest Health District,Utah,-113.3625,37.449,"270,366",7,0,7,0,6,1,0,county,0,2,4,1,,,8/28/25,,,https://files.epi.utah.gov/Utah%20measles%20dashboard.html,
0,Southwest Health District,Utah,-113.3625,37.449,"270,366",6,0,6,0,6,0,0,county,0,2,4,0,,,8/22/25,,,https://swuhealth.gov/wp-content/uploads/2025/08/Update_-measles-in-Southwest-Utah.pdf,
0,Southwest Health District,Utah,-113.3625,37.449,"270,366",4,0,4,0,4,0,0,county,0,0,4,0,,,7/22/25,,,https://epi.utah.gov/measles-response/,
0,Southwest Health District,Utah,-113.3625,37.449,"270,366",3,0,3,0,3,0,0,county,0,0,3,0,,,7/16/25,,,https://epi.utah.gov/measles-response/,
0,Southwest Health District,Utah,-113.3625,37.449,"270,366",2,0,2,0,2,0,0,county,0,0,2,0,,,6/26/25,,"One of the newly identified individuals with measles is a minor, while the other is an adult. One person is a Utah County resident; the other is from the southwest health district.",https://dhhs.utah.gov/featured-news/utah-is-now-reporting-a-total-of-5-positive-measles-cases/,
0,Southwest Health District,Utah,-113.3625,37.449,"270,366",1,0,1,0,1,0,0,county,0,0,1,0,,,6/24/25,,the other is from the southwest health district. ,https://dhhs.utah.gov/featured-news/utah-is-now-reporting-a-total-of-3-positive-measles-cases/,
49043,Summit,Utah,-110.9557,40.8683,42709,1,0,1,0,0,1,0,county,0,0,0,1,,,1/13/26,,,https://dhhs.utah.gov/featured-news/measles-in-utah-residents/,
49049,Utah,Utah,-111.6702,40.1199,683622,35,0,35,1,8,26,0,county,0,2,5,28,,,1/27/26,,,https://dhhs.utah.gov/featured-news/measles-in-utah-residents/,
49049,Utah,Utah,-111.6702,40.1199,683622,28,0,28,1,8,19,0,county,0,2,5,21,,,1/20/26,,,https://dhhs.utah.gov/featured-news/measles-in-utah-residents/,
49049,Utah,Utah,-111.6702,40.1199,683622,24,0,24,1,8,15,0,county,0,2,5,17,,,1/13/26,,,https://dhhs.utah.gov/featured-news/measles-in-utah-residents/,
49049,Utah,Utah,-111.6702,40.1199,683622,19,0,19,1,8,10,0,county,0,2,5,12,,,1/6/26,,,https://dhhs.utah.gov/featured-news/measles-in-utah-residents/,
49049,Utah,Utah,-111.6702,40.1199,683622,16,0,16,1,8,7,0,county,0,2,5,9,,,12/22/25,,,https://dhhs.utah.gov/featured-news/measles-in-utah-residents/,
49049,Utah,Utah,-111.6702,40.1199,683622,10,0,10,1,8,1,0,county,0,2,5,3,,,12/9/25,,,https://dhhs.utah.gov/featured-news/measles-in-utah-residents/,
49049,Utah,Utah,-111.6702,40.1199,683622,9,0,9,1,8,0,0,county,0,2,5,2,,,11/4/25,,,https://dhhs.utah.gov/featured-news/measles-in-utah-residents/,
49049,Utah,Utah,-111.6702,40.1199,683622,8,0,8,1,7,0,0,county,0,2,5,1,,,10/31/25,,,https://dhhs.utah.gov/featured-news/measles-in-utah-residents/,
49049,Utah,Utah,-111.6702,40.1199,683622,7,0,7,0,7,0,0,county,0,2,5,0,,,7/1/25,,,https://dhhs.utah.gov/featured-news/measles-in-utah-residents/,
49049,Utah,Utah,-111.6702,40.1199,683622,5,0,5,0,5,0,0,county,0,1,4,0,,,6/27/25,,,https://epi.utah.gov/measles-response/,
49049,Utah,Utah,-111.6702,40.1199,683622,3,0,3,0,3,0,0,county,0,1,2,0,,,6/26/25,,"One of the newly identified individuals with measles is a minor, while the other is an adult. One person is a Utah County resident; the other is from the southwest health district.",https://dhhs.utah.gov/featured-news/utah-is-now-reporting-a-total-of-5-positive-measles-cases/,
49049,Utah,Utah,-111.6702,40.1199,683622,2,0,2,0,2,0,0,county,0,0,2,0,,,6/24/25,,These individuals are adults from different parts of the state. One person is a Utah County resident,https://dhhs.utah.gov/featured-news/utah-is-now-reporting-a-total-of-3-positive-measles-cases/,
49049,Utah,Utah,-111.6702,40.1199,683622,1,0,1,0,1,0,0,county,0,0,1,0,,,6/20/25,,an adult from Utah County who has been diagnosed with measles. This person was unvaccinated and has no out of state exposures which indicates the infection was transmitted within Utah. ,https://dhhs.utah.gov/featured-news/public-health-officials-warn-of-first-measles-case-in-utah-media-availability-today/,
49051,Wasatch,Utah,-111.1682,40.3308,35808,9,0,9,0,8,1,0,county,0,0,0,9,,,12/9/25,,,https://files.epi.utah.gov/Utah%20measles%20dashboard.html,
49051,Wasatch,Utah,-111.1682,40.3308,35808,8,0,8,0,8,0,0,county,0,0,0,8,,,11/25/25,,,https://files.epi.utah.gov/Utah%20measles%20dashboard.html,
49057,Weber-Morgan,Utah,-111.9134,41.2698,266183,2,0,2,0,0,2,0,county,0,0,0,2,,,1/20/26,,,https://dhhs.utah.gov/featured-news/measles-in-utah-residents/,
50015,Lamoille,Vermont,-72.6419,44.607,26036,1,1,0,0,0,1,0,county,0,1,0,0,0.92,0.90-0.95,3/11/25,,"first case in the state, a school-aged child in Lamoille County",https://www.healthvermont.gov/media/current-news-releases/vermont-department-health-confirms-case-measles,
,Unknown County,Vermont,-72.82424,44.101952,643077,1,0,1,0,0,1,0,county,0,0,0,1,0,0,8/28/25,,Vermont confirmed two cases of measles so far this year,https://www.healthvermont.gov/disease-control/measles,
0,Central Region,Virginia,-78.21679447,37.4025616,2406789,2,0,2,0,0,2,0,county,1,1,0,0,,,1/6/26,,,https://www.vdh.virginia.gov/measles/,
0,Central Region,Virginia,-78.21679447,37.4025616,2406789,1,0,1,0,0,1,0,county,0,1,0,0,,,12/24/25,,,https://www.vdh.virginia.gov/measles/,
0,Eastern Region,Virginia,-76.44495462,36.95649803,1939775,1,0,1,0,0,1,0,county,0,1,0,0,,,9/3/25,,The patient is a school age child (5-12 years) in the Eastern Region who recently traveled internationally. ,https://www.vdh.virginia.gov/news/2025-news-releases/virginia-health-officials-confirm-measles-case-in-eastern-region/?utm_campaign=20250903_&utm_content=&utm_medium=email&utm_source=govdelivery,
0,Northern Region,Virginia,-77.35213021,38.85513733,2547100,3,0,3,0,0,3,0,county,3,0,0,0,,,1/20/26,,,https://www.vdh.virginia.gov/measles/,
0,Northern Region,Virginia,-77.35213021,38.85513733,2547100,1,0,1,0,0,1,0,county,1,0,0,0,,,1/10/26,,,https://www.vdh.virginia.gov/measles/,
0,Northwest Region,Virginia,-78.1659225,38.47988218,1128995,3,2,1,0,0,3,0,county,2,0,1,0,,,6/5/25,,The patient is a child (0-4 years) in the Northwest Region who developed symptoms after exposure to another Virginia measles case.,https://www.vdh.virginia.gov/news/2025-news-releases/virginia-health-officials-confirm-third-2025-measles-case-in-the-state/,
0,Northwest Region,Virginia,-78.1659225,38.47988218,1128995,1,1,0,0,0,1,0,county,0,0,1,0,,,5/23/25,,The patient is a teenager (13-17 years) in the Northwest Region who recently traveled internationally. ,https://www.vdh.virginia.gov/news/2025-news-releases/virginia-health-officials-confirm-second-2025-measles-case-in-the-state/,
0,Northwest Region,Virginia,-78.1659225,38.47988218,1128995,1,1,0,0,0,1,0,county,1,0,0,0,,,4/15/25,,The patient is a child (0-4 years) in the Northwest Region who recently traveled internationally,https://www.vdh.virginia.gov/measles/,
53011,Clark,Washington,-122.4825,45.7792,510516,1,1,0,0,0,1,0,county,0,0,1,0,,,1/23/26,,"a confirmed case of measles in a Clark County adult. The person, whose vaccination status is unverified, traveled recently to an area experiencing a measles outbreak.",https://clark.wa.gov/public-health/public-health-investigating-confirmed-measles-case-clark-county-1,
53073,Whatcom,Washington,-121.7199,48.8259,228432,2,2,0,0,0,2,0,county,1,0,1,0,,,6/23/25,,,https://www.whatcomcounty.us/CivicAlerts.aspx?AID=5000,
53073,Whatcom,Washington,-121.7199,48.8259,228432,1,1,0,0,0,1,0,county,0,0,0,1,,,6/20/25,,,https://www.whatcomcounty.us/civicalerts.aspx?AID=4998,
53033,King,Washington,-121.8052,47.4902,2262713,7,6,1,0,1,4,2,county,2,1,4,0,0.9,0.90-0.95,10/28/25,,a confirmed measles case in a King County adult. This individual was vaccinated against measles. ,https://publichealthinsider.com/2025/10/28/new-measles-case-in-king-county-resident-with-link-to-previous-case/,
53033,King,Washington,-121.8052,47.4902,2262713,6,5,1,0,1,4,1,county,2,1,3,0,0.9,0.90-0.95,6/24/25,,two confirmed measles cases in members of the same King County household – a child and an adult family member.,https://publichealthinsider.com/2025/06/25/two-new-measles-cases-in-king-county-residents-bring-total-to-10-measles-cases-in-washington-state-residents-this-year/,
53033,King,Washington,-121.8052,47.4902,2262713,4,4,0,0,1,3,0,county,2,0,2,0,0.9,0.90-0.95,5/20/25,,The individual was likely exposed to measles during recent international travel. Their vaccination status is unknown. ,https://doh.wa.gov/you-and-your-family/illness-and-disease-z/measles,
53033,King,Washington,-121.8052,47.4902,2262713,3,3,0,0,1,2,0,county,2,0,1,0,0.9,0.90-0.95,4/24/25,,confirmed measles case in a King County infant. The individual traveled through Seattle-Tacoma International Airport (SEA)_and was at some specific locations at Seattle Childre,,
53033,King,Washington,-121.8052,47.4902,2262713,2,2,0,0,0,2,0,county,1,0,1,0,0.9,0.90-0.95,4/11/25,,"fourth case in the state, adult with internation travel",https://kingcounty.gov/en/dept/dph/about-king-county/about-public-health/news/news-archive-2025/04-11-measles,
53033,King,Washington,-121.8052,47.4902,2262713,1,1,0,0,0,1,0,county,1,0,0,0,0.9,0.90-0.95,2/27/25,,"first case in the state, An infant in King County",https://publichealthinsider.com/2025/02/27/first-measles-case-of-2025-in-washington-state-identified-in-a-king-county-infant/,
53037,Kittitas,Washington,-120.6798,47.1244,44736,1,0,1,0,0,1,0,county,0,0,0,1,,,1/16/26,,,https://www.co.kittitas.wa.us/press/default.aspx?prID=12119,
53061,Snohomish,Washington,-121.6972,48.0474,834648,8,7,1,0,4,4,0,county,1,6,1,0,0.84,<0.85,1/28/26,,"The latest case was confirmed on Tuesday, Jan. 27, 2026, in a child who was unvaccinated. The child would have been infectious while attending an afternoon service at Slavic Christian Church Awakening in Mukilteo on Sunday, Jan. 18.",https://www.snohd.org/m/newsflash/home/detail/910,
53061,Snohomish,Washington,-121.6972,48.0474,834648,7,7,0,0,3,4,0,county,1,5,1,0,0.84,<0.85,1/20/26,,,https://www.snohd.org/m/NewsFlash/Home/Detail/908,
53061,Snohomish,Washington,-121.6972,48.0474,834648,5,5,0,0,3,2,0,county,1,3,1,0,0.84,<0.85,1/15/26,,confirmed three new measles cases this week in local children who were exposed to a contagious family visiting from South Carolina. The children were unvaccinated for protection against the disease.,https://www.snohd.org/m/newsflash/home/detail/906,
53061,Snohomish,Washington,-121.6972,48.0474,834648,2,2,0,0,0,2,0,county,1,0,1,0,0.84,<0.85,4/2/25,,The infant was likely exposed to measles during recent travel abroad,https://kingcounty.gov/en/dept/dph/about-king-county/about-public-health/news/news-archive-2025/04-02-measles,
53061,Snohomish,Washington,-121.6972,48.0474,834648,1,1,0,0,0,1,0,county,0,0,1,0,0.84,<0.85,3/18/25,,an adult resident of Snohomish County,https://kingcounty.gov/en/dept/dph/about-king-county/about-public-health/news/news-archive-2025/03-18-second-measles-case,
53063,Spokane,Washington,-117.404,47.6207,544323,1,1,0,0,0,1,0,county,1,0,0,0,,,8/25/25,,,https://doh.wa.gov/you-and-your-family/illness-and-disease-z/measles/measles-cases-washington-state-2025,
55083,Oconto,Wisconsin,-88.2697,45.0264,39329,36,9,27,0,36,0,0,county,4,18,14,0,,,9/7/25,,,https://www.dhs.wisconsin.gov/immunization/measles.htm,
55083,Oconto,Wisconsin,-88.2697,45.0264,39329,35,9,26,0,35,0,0,county,3,13,9,10,,,8/31/25,,,https://www.dhs.wisconsin.gov/immunization/measles.htm,
55083,Oconto,Wisconsin,-88.2697,45.0264,39329,27,9,18,0,27,0,0,county,3,13,9,2,,,8/24/25,,,https://www.dhs.wisconsin.gov/immunization/measles.htm,
55083,Oconto,Wisconsin,-88.2697,45.0264,39329,24,9,15,0,24,0,0,county,3,13,8,0,,,8/17/25,,,https://www.dhs.wisconsin.gov/immunization/measles.htm,
55083,Oconto,Wisconsin,-88.2697,45.0264,39329,11,9,2,0,0,11,0,county,0,0,0,11,,,8/10/25,,,https://www.dhs.wisconsin.gov/news/releases/080225.htm,
55083,Oconto,Wisconsin,-88.2697,45.0264,39329,9,9,0,0,0,9,0,county,0,0,0,9,,,7/27/25,,,https://www.dhs.wisconsin.gov/news/releases/080225.htm,
55083,Oconto,Wisconsin,-88.2697,45.0264,39329,5,5,0,0,0,5,0,county,0,0,0,5,,,7/20/25,,,https://www.dhs.wisconsin.gov/news/releases/080225.htm,
55083,Oconto,Wisconsin,-88.2697,45.0264,39329,1,1,0,0,0,1,0,county,0,0,0,1,,,7/13/25,," One case was confirmed through testing at the Wisconsin State Laboratory of Hygiene, with eight additional cases confirmed based on exposure and symptoms. All of the cases were exposed to a common source during out-of-state travel. ",https://www.dhs.wisconsin.gov/news/releases/080225.htm,
55133,Waukesha,Wisconsin,-88.3045,43.0182,409040,1,0,1,0,0,1,0,county,0,0,1,0,,,1/18/26,,,https://www.dhs.wisconsin.gov/immunization/measles.htm,
56007,Carbon,Wyoming,-106.9306,41.6944,14549,7,1,6,0,4,2,1,county,0,2,3,2,,,8/26/25,,,https://health.wyo.gov/publichealth/infectious-disease-epidemiology-unit/disease/measles/,
56007,Carbon,Wyoming,-106.9306,41.6944,14549,6,1,5,0,4,1,1,county,0,2,3,1,,,8/15/25,,,https://health.wyo.gov/publichealth/infectious-disease-epidemiology-unit/disease/measles/,
56007,Carbon,Wyoming,-106.9306,41.6944,14549,5,1,4,0,4,0,1,county,0,2,3,0,,,8/2/25,,"All cases were exposed to an individual with confirmed measles infection. The four cases include both adults and children. Three were unvaccinated at the time of exposure, and one was vaccinated but is immunocompromised. None were hospitalized.",https://health.wyo.gov/four-additional-measles-cases-confirmed-in-carbon-county/,
56007,Carbon,Wyoming,-106.9306,41.6944,14549,1,1,0,0,1,0,0,county,0,0,1,0,,,7/22/25,,The Wyoming Department of Health (WDH) has confirmed a third case of measles in an unvaccinated adult from Carbon County. Measles is a highly contagious infection that can cause severe illness. The person was exposed outside of the United States.,https://health.wyo.gov/third-measles-case-confirmed-in-carbon-county/,
56013,Fremont,Wyoming,-108.6304,43.0405,39472,5,0,5,0,0,5,0,county,0,0,0,5,,,12/18/25,,,https://health.wyo.gov/publichealth/infectious-disease-epidemiology-unit/disease/measles/,
56027,Niobrara,Wyoming,-104.4754,43.0564,2415,1,0,1,0,1,0,0,county,0,1,0,0,,,7/11/25,,The Wyoming Department of Health (WDH) has confirmed a second case of measles in an unvaccinated child from Niobrara County. The source of the child’s exposure is not known at this time. ,https://health.wyo.gov/second-measles-case-confirmed-in-niobrara-county/,
56025,Natrona,Wyoming,-106.7986,42.9622,79735,1,0,1,0,1,0,0,county,0,1,0,0,,,7/1/25,,an unvaccinated child from Natrona County,https://health.wyo.gov/measles-case-confirmed-in-natrona-county/,
56029,Park,Wyoming,-109.5879,44.5205,30109,1,1,0,0,0,0,1,county,0,0,1,0,,,12/19/25,,The adult is fully vaccinated but had extensive exposure to measles while abroad and developed a mild illness. ,https://health.wyo.gov/measles-case-confirmed-in-park-county/,